Timestamp,Event Type,Entity Type,Entity ID,Payload JSON,Actor,Schema Version
2026-05-01T08:00:00Z,CUSTOMER_CREATED,customer,C-001,"{""id"": ""C-001"", ""name"": ""Climber01"", ""height"": ""162"", ""experience"": ""0y"", ""gender"": ""F""}",seed@fixture,1
2026-05-01T08:01:00Z,CUSTOMER_CREATED,customer,C-002,"{""id"": ""C-002"", ""name"": ""Climber02"", ""height"": ""170"", ""experience"": ""1y"", ""gender"": ""M""}",seed@fixture,1
2026-05-01T08:02:00Z,CUSTOMER_CREATED,customer,C-003,"{""id"": ""C-003"", ""name"": ""Climber03"", ""height"": ""161"", ""experience"": ""5y"", ""gender"": ""M""}",seed@fixture,1
2026-05-01T08:03:00Z,CUSTOMER_CREATED,customer,C-004,"{""id"": ""C-004"", ""name"": ""Climber04"", ""height"": ""182"", ""experience"": ""0y"", ""gender"": ""M""}",seed@fixture,1
2026-05-01T08:04:00Z,CUSTOMER_CREATED,customer,C-005,"{""id"": ""C-005"", ""name"": ""Climber05"", ""height"": ""160"", ""experience"": ""1y"", ""gender"": ""M""}",seed@fixture,1
2026-05-01T08:05:00Z,CUSTOMER_CREATED,customer,C-006,"{""id"": ""C-006"", ""name"": ""Climber06"", ""height"": ""187"", ""experience"": ""4y"", ""gender"": ""M""}",seed@fixture,1
2026-05-01T08:06:00Z,CUSTOMER_CREATED,customer,C-007,"{""id"": ""C-007"", ""name"": ""Climber07"", ""height"": ""167"", ""experience"": ""5y"", ""gender"": ""F""}",seed@fixture,1
2026-05-01T08:07:00Z,CUSTOMER_CREATED,customer,C-008,"{""id"": ""C-008"", ""name"": ""Climber08"", ""height"": ""169"", ""experience"": ""3y"", ""gender"": ""F""}",seed@fixture,1
2026-05-01T08:08:00Z,CUSTOMER_CREATED,customer,C-009,"{""id"": ""C-009"", ""name"": ""Climber09"", ""height"": ""155"", ""experience"": ""1y"", ""gender"": ""F""}",seed@fixture,1
2026-05-01T08:09:00Z,CUSTOMER_CREATED,customer,C-010,"{""id"": ""C-010"", ""name"": ""Climber10"", ""height"": ""176"", ""experience"": ""2y"", ""gender"": ""M""}",seed@fixture,1
2026-05-01T08:10:00Z,CUSTOMER_CREATED,customer,C-011,"{""id"": ""C-011"", ""name"": ""Climber11"", ""height"": ""168"", ""experience"": ""2y"", ""gender"": ""M""}",seed@fixture,1
2026-05-01T08:11:00Z,CUSTOMER_CREATED,customer,C-012,"{""id"": ""C-012"", ""name"": ""Climber12"", ""height"": ""160"", ""experience"": ""3y"", ""gender"": ""M""}",seed@fixture,1
2026-05-01T08:12:00Z,CUSTOMER_CREATED,customer,C-013,"{""id"": ""C-013"", ""name"": ""Climber13"", ""height"": ""177"", ""experience"": ""2y"", ""gender"": ""F""}",seed@fixture,1
2026-05-01T08:13:00Z,CUSTOMER_CREATED,customer,C-014,"{""id"": ""C-014"", ""name"": ""Climber14"", ""height"": ""157"", ""experience"": ""5y"", ""gender"": ""F""}",seed@fixture,1
2026-05-01T08:14:00Z,CUSTOMER_CREATED,customer,C-015,"{""id"": ""C-015"", ""name"": ""Climber15"", ""height"": ""162"", ""experience"": ""3y"", ""gender"": ""M""}",seed@fixture,1
2026-05-01T08:15:00Z,CUSTOMER_CREATED,customer,C-016,"{""id"": ""C-016"", ""name"": ""Climber16"", ""height"": ""173"", ""experience"": ""5y"", ""gender"": ""F""}",seed@fixture,1
2026-05-01T08:16:00Z,CUSTOMER_CREATED,customer,C-017,"{""id"": ""C-017"", ""name"": ""Climber17"", ""height"": ""167"", ""experience"": ""5y"", ""gender"": ""M""}",seed@fixture,1
2026-05-01T08:17:00Z,CUSTOMER_CREATED,customer,C-018,"{""id"": ""C-018"", ""name"": ""Climber18"", ""height"": ""157"", ""experience"": ""5y"", ""gender"": ""M""}",seed@fixture,1
2026-05-01T08:18:00Z,CUSTOMER_CREATED,customer,C-019,"{""id"": ""C-019"", ""name"": ""Climber19"", ""height"": ""173"", ""experience"": ""0y"", ""gender"": ""M""}",seed@fixture,1
2026-05-01T08:19:00Z,CUSTOMER_CREATED,customer,C-020,"{""id"": ""C-020"", ""name"": ""Climber20"", ""height"": ""161"", ""experience"": ""3y"", ""gender"": ""F""}",seed@fixture,1
2026-05-01T09:00:00Z,ROUTE_CREATED,route,R-001,"{""id"": ""R-001"", ""name"": ""Route-01"", ""difficulty"": 8, ""link"": """", ""createdAt"": ""2026-05-01T01:00:00Z""}",seed@fixture,1
2026-05-01T09:01:00Z,ROUTE_CREATED,route,R-002,"{""id"": ""R-002"", ""name"": ""Route-02"", ""difficulty"": 6, ""link"": """", ""createdAt"": ""2026-05-01T02:00:00Z""}",seed@fixture,1
2026-05-01T09:02:00Z,ROUTE_CREATED,route,R-003,"{""id"": ""R-003"", ""name"": ""Route-03"", ""difficulty"": 3, ""link"": """", ""createdAt"": ""2026-05-01T03:00:00Z""}",seed@fixture,1
2026-05-01T09:03:00Z,ROUTE_CREATED,route,R-004,"{""id"": ""R-004"", ""name"": ""Route-04"", ""difficulty"": 6, ""link"": """", ""createdAt"": ""2026-05-01T04:00:00Z""}",seed@fixture,1
2026-05-01T09:04:00Z,ROUTE_CREATED,route,R-005,"{""id"": ""R-005"", ""name"": ""Route-05"", ""difficulty"": 6, ""link"": """", ""createdAt"": ""2026-05-01T05:00:00Z""}",seed@fixture,1
2026-05-01T09:05:00Z,ROUTE_CREATED,route,R-006,"{""id"": ""R-006"", ""name"": ""Route-06"", ""difficulty"": 4, ""link"": """", ""createdAt"": ""2026-05-01T06:00:00Z""}",seed@fixture,1
2026-05-01T09:06:00Z,ROUTE_CREATED,route,R-007,"{""id"": ""R-007"", ""name"": ""Route-07"", ""difficulty"": 5, ""link"": """", ""createdAt"": ""2026-05-01T07:00:00Z""}",seed@fixture,1
2026-05-01T09:07:00Z,ROUTE_CREATED,route,R-008,"{""id"": ""R-008"", ""name"": ""Route-08"", ""difficulty"": 2, ""link"": """", ""createdAt"": ""2026-05-01T08:00:00Z""}",seed@fixture,1
2026-05-01T09:08:00Z,ROUTE_CREATED,route,R-009,"{""id"": ""R-009"", ""name"": ""Route-09"", ""difficulty"": 10, ""link"": """", ""createdAt"": ""2026-05-01T09:00:00Z""}",seed@fixture,1
2026-05-01T09:09:00Z,ROUTE_CREATED,route,R-010,"{""id"": ""R-010"", ""name"": ""Route-10"", ""difficulty"": 3, ""link"": """", ""createdAt"": ""2026-05-01T10:00:00Z""}",seed@fixture,1
2026-05-01T11:00:00Z,CLIMB_LOGGED,climb,C-018_R-004,"{""timestamp"": ""2026-05-01T11:00:00Z"", ""customerId"": ""C-018"", ""routeId"": ""R-004"", ""status"": ""◎"", ""grade"": 6, ""height"": ""157"", ""experience"": ""5y"", ""gender"": ""M""}",seed@fixture,1
2026-05-01T11:08:00Z,CLIMB_LOGGED,climb,C-013_R-005,"{""timestamp"": ""2026-05-01T11:08:00Z"", ""customerId"": ""C-013"", ""routeId"": ""R-005"", ""status"": ""✓"", ""grade"": 6, ""height"": ""177"", ""experience"": ""2y"", ""gender"": ""F""}",seed@fixture,1
2026-05-01T11:16:00Z,CLIMB_LOGGED,climb,C-018_R-004,"{""timestamp"": ""2026-05-01T11:16:00Z"", ""customerId"": ""C-018"", ""routeId"": ""R-004"", ""status"": ""△"", ""grade"": 6, ""height"": ""157"", ""experience"": ""5y"", ""gender"": ""M""}",seed@fixture,1
2026-05-01T11:24:00Z,CLIMB_LOGGED,climb,C-002_R-004,"{""timestamp"": ""2026-05-01T11:24:00Z"", ""customerId"": ""C-002"", ""routeId"": ""R-004"", ""status"": ""✓"", ""grade"": 6, ""height"": ""170"", ""experience"": ""1y"", ""gender"": ""M""}",seed@fixture,1
2026-05-01T11:32:00Z,CLIMB_LOGGED,climb,C-011_R-007,"{""timestamp"": ""2026-05-01T11:32:00Z"", ""customerId"": ""C-011"", ""routeId"": ""R-007"", ""status"": ""◯"", ""grade"": 5, ""height"": ""168"", ""experience"": ""2y"", ""gender"": ""M""}",seed@fixture,1
2026-05-01T11:40:00Z,CLIMB_LOGGED,climb,C-007_R-010,"{""timestamp"": ""2026-05-01T11:40:00Z"", ""customerId"": ""C-007"", ""routeId"": ""R-010"", ""status"": ""✓"", ""grade"": 3, ""height"": ""167"", ""experience"": ""5y"", ""gender"": ""F""}",seed@fixture,1
2026-05-01T11:48:00Z,CLIMB_LOGGED,climb,C-011_R-004,"{""timestamp"": ""2026-05-01T11:48:00Z"", ""customerId"": ""C-011"", ""routeId"": ""R-004"", ""status"": ""△"", ""grade"": 6, ""height"": ""168"", ""experience"": ""2y"", ""gender"": ""M""}",seed@fixture,1
2026-05-01T11:56:00Z,CLIMB_LOGGED,climb,C-013_R-008,"{""timestamp"": ""2026-05-01T11:56:00Z"", ""customerId"": ""C-013"", ""routeId"": ""R-008"", ""status"": ""◎"", ""grade"": 2, ""height"": ""177"", ""experience"": ""2y"", ""gender"": ""F""}",seed@fixture,1
2026-05-01T12:04:00Z,CLIMB_LOGGED,climb,C-005_R-004,"{""timestamp"": ""2026-05-01T12:04:00Z"", ""customerId"": ""C-005"", ""routeId"": ""R-004"", ""status"": ""✓"", ""grade"": 6, ""height"": ""160"", ""experience"": ""1y"", ""gender"": ""M""}",seed@fixture,1
2026-05-01T12:12:00Z,CLIMB_LOGGED,climb,C-018_R-005,"{""timestamp"": ""2026-05-01T12:12:00Z"", ""customerId"": ""C-018"", ""routeId"": ""R-005"", ""status"": ""✓"", ""grade"": 6, ""height"": ""157"", ""experience"": ""5y"", ""gender"": ""M""}",seed@fixture,1
2026-05-01T12:20:00Z,CLIMB_LOGGED,climb,C-014_R-010,"{""timestamp"": ""2026-05-01T12:20:00Z"", ""customerId"": ""C-014"", ""routeId"": ""R-010"", ""status"": ""◯"", ""grade"": 3, ""height"": ""157"", ""experience"": ""5y"", ""gender"": ""F""}",seed@fixture,1
2026-05-01T12:28:00Z,CLIMB_LOGGED,climb,C-008_R-003,"{""timestamp"": ""2026-05-01T12:28:00Z"", ""customerId"": ""C-008"", ""routeId"": ""R-003"", ""status"": ""△"", ""grade"": 3, ""height"": ""169"", ""experience"": ""3y"", ""gender"": ""F""}",seed@fixture,1
2026-05-01T12:36:00Z,CLIMB_LOGGED,climb,C-003_R-001,"{""timestamp"": ""2026-05-01T12:36:00Z"", ""customerId"": ""C-003"", ""routeId"": ""R-001"", ""status"": ""✓"", ""grade"": 8, ""height"": ""161"", ""experience"": ""5y"", ""gender"": ""M""}",seed@fixture,1
2026-05-01T12:44:00Z,CLIMB_LOGGED,climb,C-005_R-003,"{""timestamp"": ""2026-05-01T12:44:00Z"", ""customerId"": ""C-005"", ""routeId"": ""R-003"", ""status"": ""✓"", ""grade"": 3, ""height"": ""160"", ""experience"": ""1y"", ""gender"": ""M""}",seed@fixture,1
2026-05-01T12:52:00Z,CLIMB_LOGGED,climb,C-014_R-010,"{""timestamp"": ""2026-05-01T12:52:00Z"", ""customerId"": ""C-014"", ""routeId"": ""R-010"", ""status"": ""◎"", ""grade"": 3, ""height"": ""157"", ""experience"": ""5y"", ""gender"": ""F""}",seed@fixture,1
2026-05-01T13:00:00Z,CLIMB_LOGGED,climb,C-013_R-010,"{""timestamp"": ""2026-05-01T13:00:00Z"", ""customerId"": ""C-013"", ""routeId"": ""R-010"", ""status"": ""✓"", ""grade"": 3, ""height"": ""177"", ""experience"": ""2y"", ""gender"": ""F""}",seed@fixture,1
2026-05-01T13:08:00Z,CLIMB_LOGGED,climb,C-017_R-005,"{""timestamp"": ""2026-05-01T13:08:00Z"", ""customerId"": ""C-017"", ""routeId"": ""R-005"", ""status"": ""✓"", ""grade"": 6, ""height"": ""167"", ""experience"": ""5y"", ""gender"": ""M""}",seed@fixture,1
2026-05-01T13:16:00Z,CLIMB_LOGGED,climb,C-001_R-002,"{""timestamp"": ""2026-05-01T13:16:00Z"", ""customerId"": ""C-001"", ""routeId"": ""R-002"", ""status"": ""△"", ""grade"": 6, ""height"": ""162"", ""experience"": ""0y"", ""gender"": ""F""}",seed@fixture,1
2026-05-01T13:24:00Z,CLIMB_LOGGED,climb,C-018_R-005,"{""timestamp"": ""2026-05-01T13:24:00Z"", ""customerId"": ""C-018"", ""routeId"": ""R-005"", ""status"": ""✓"", ""grade"": 6, ""height"": ""157"", ""experience"": ""5y"", ""gender"": ""M""}",seed@fixture,1
2026-05-01T13:32:00Z,CLIMB_LOGGED,climb,C-011_R-002,"{""timestamp"": ""2026-05-01T13:32:00Z"", ""customerId"": ""C-011"", ""routeId"": ""R-002"", ""status"": ""◯"", ""grade"": 6, ""height"": ""168"", ""experience"": ""2y"", ""gender"": ""M""}",seed@fixture,1
2026-05-01T13:40:00Z,CLIMB_LOGGED,climb,C-006_R-008,"{""timestamp"": ""2026-05-01T13:40:00Z"", ""customerId"": ""C-006"", ""routeId"": ""R-008"", ""status"": ""◎"", ""grade"": 2, ""height"": ""187"", ""experience"": ""4y"", ""gender"": ""M""}",seed@fixture,1
2026-05-01T13:48:00Z,CLIMB_LOGGED,climb,C-009_R-009,"{""timestamp"": ""2026-05-01T13:48:00Z"", ""customerId"": ""C-009"", ""routeId"": ""R-009"", ""status"": ""✓"", ""grade"": 10, ""height"": ""155"", ""experience"": ""1y"", ""gender"": ""F""}",seed@fixture,1
2026-05-01T13:56:00Z,CLIMB_LOGGED,climb,C-017_R-002,"{""timestamp"": ""2026-05-01T13:56:00Z"", ""customerId"": ""C-017"", ""routeId"": ""R-002"", ""status"": ""✓"", ""grade"": 6, ""height"": ""167"", ""experience"": ""5y"", ""gender"": ""M""}",seed@fixture,1
2026-05-01T14:04:00Z,CLIMB_LOGGED,climb,C-010_R-009,"{""timestamp"": ""2026-05-01T14:04:00Z"", ""customerId"": ""C-010"", ""routeId"": ""R-009"", ""status"": ""△"", ""grade"": 10, ""height"": ""176"", ""experience"": ""2y"", ""gender"": ""M""}",seed@fixture,1
2026-05-01T14:12:00Z,CLIMB_LOGGED,climb,C-005_R-006,"{""timestamp"": ""2026-05-01T14:12:00Z"", ""customerId"": ""C-005"", ""routeId"": ""R-006"", ""status"": ""✓"", ""grade"": 4, ""height"": ""160"", ""experience"": ""1y"", ""gender"": ""M""}",seed@fixture,1
2026-05-01T14:20:00Z,CLIMB_LOGGED,climb,C-018_R-009,"{""timestamp"": ""2026-05-01T14:20:00Z"", ""customerId"": ""C-018"", ""routeId"": ""R-009"", ""status"": ""✓"", ""grade"": 10, ""height"": ""157"", ""experience"": ""5y"", ""gender"": ""M""}",seed@fixture,1
2026-05-01T14:28:00Z,CLIMB_LOGGED,climb,C-020_R-006,"{""timestamp"": ""2026-05-01T14:28:00Z"", ""customerId"": ""C-020"", ""routeId"": ""R-006"", ""status"": ""△"", ""grade"": 4, ""height"": ""161"", ""experience"": ""3y"", ""gender"": ""F""}",seed@fixture,1
2026-05-01T14:36:00Z,CLIMB_LOGGED,climb,C-004_R-006,"{""timestamp"": ""2026-05-01T14:36:00Z"", ""customerId"": ""C-004"", ""routeId"": ""R-006"", ""status"": ""✓"", ""grade"": 4, ""height"": ""182"", ""experience"": ""0y"", ""gender"": ""M""}",seed@fixture,1
2026-05-01T14:44:00Z,CLIMB_LOGGED,climb,C-010_R-004,"{""timestamp"": ""2026-05-01T14:44:00Z"", ""customerId"": ""C-010"", ""routeId"": ""R-004"", ""status"": ""◎"", ""grade"": 6, ""height"": ""176"", ""experience"": ""2y"", ""gender"": ""M""}",seed@fixture,1
2026-05-01T14:52:00Z,CLIMB_LOGGED,climb,C-019_R-002,"{""timestamp"": ""2026-05-01T14:52:00Z"", ""customerId"": ""C-019"", ""routeId"": ""R-002"", ""status"": ""◎"", ""grade"": 6, ""height"": ""173"", ""experience"": ""0y"", ""gender"": ""M""}",seed@fixture,1
2026-05-01T15:00:00Z,CLIMB_LOGGED,climb,C-016_R-002,"{""timestamp"": ""2026-05-01T15:00:00Z"", ""customerId"": ""C-016"", ""routeId"": ""R-002"", ""status"": ""✓"", ""grade"": 6, ""height"": ""173"", ""experience"": ""5y"", ""gender"": ""F""}",seed@fixture,1
2026-05-01T15:08:00Z,CLIMB_LOGGED,climb,C-018_R-003,"{""timestamp"": ""2026-05-01T15:08:00Z"", ""customerId"": ""C-018"", ""routeId"": ""R-003"", ""status"": ""◎"", ""grade"": 3, ""height"": ""157"", ""experience"": ""5y"", ""gender"": ""M""}",seed@fixture,1
2026-05-01T15:16:00Z,CLIMB_LOGGED,climb,C-016_R-009,"{""timestamp"": ""2026-05-01T15:16:00Z"", ""customerId"": ""C-016"", ""routeId"": ""R-009"", ""status"": ""◎"", ""grade"": 10, ""height"": ""173"", ""experience"": ""5y"", ""gender"": ""F""}",seed@fixture,1
2026-05-01T15:24:00Z,CLIMB_LOGGED,climb,C-017_R-010,"{""timestamp"": ""2026-05-01T15:24:00Z"", ""customerId"": ""C-017"", ""routeId"": ""R-010"", ""status"": ""◯"", ""grade"": 3, ""height"": ""167"", ""experience"": ""5y"", ""gender"": ""M""}",seed@fixture,1
2026-05-01T15:32:00Z,CLIMB_LOGGED,climb,C-007_R-009,"{""timestamp"": ""2026-05-01T15:32:00Z"", ""customerId"": ""C-007"", ""routeId"": ""R-009"", ""status"": ""✓"", ""grade"": 10, ""height"": ""167"", ""experience"": ""5y"", ""gender"": ""F""}",seed@fixture,1
2026-05-01T15:40:00Z,CLIMB_LOGGED,climb,C-007_R-005,"{""timestamp"": ""2026-05-01T15:40:00Z"", ""customerId"": ""C-007"", ""routeId"": ""R-005"", ""status"": ""◯"", ""grade"": 6, ""height"": ""167"", ""experience"": ""5y"", ""gender"": ""F""}",seed@fixture,1
2026-05-01T15:48:00Z,CLIMB_LOGGED,climb,C-012_R-008,"{""timestamp"": ""2026-05-01T15:48:00Z"", ""customerId"": ""C-012"", ""routeId"": ""R-008"", ""status"": ""✓"", ""grade"": 2, ""height"": ""160"", ""experience"": ""3y"", ""gender"": ""M""}",seed@fixture,1
2026-05-01T15:56:00Z,CLIMB_LOGGED,climb,C-015_R-002,"{""timestamp"": ""2026-05-01T15:56:00Z"", ""customerId"": ""C-015"", ""routeId"": ""R-002"", ""status"": ""◯"", ""grade"": 6, ""height"": ""162"", ""experience"": ""3y"", ""gender"": ""M""}",seed@fixture,1
2026-05-01T16:04:00Z,CLIMB_LOGGED,climb,C-003_R-006,"{""timestamp"": ""2026-05-01T16:04:00Z"", ""customerId"": ""C-003"", ""routeId"": ""R-006"", ""status"": ""◎"", ""grade"": 4, ""height"": ""161"", ""experience"": ""5y"", ""gender"": ""M""}",seed@fixture,1
2026-05-01T16:12:00Z,CLIMB_LOGGED,climb,C-018_R-004,"{""timestamp"": ""2026-05-01T16:12:00Z"", ""customerId"": ""C-018"", ""routeId"": ""R-004"", ""status"": ""△"", ""grade"": 6, ""height"": ""157"", ""experience"": ""5y"", ""gender"": ""M""}",seed@fixture,1
2026-05-01T16:20:00Z,CLIMB_LOGGED,climb,C-001_R-002,"{""timestamp"": ""2026-05-01T16:20:00Z"", ""customerId"": ""C-001"", ""routeId"": ""R-002"", ""status"": ""✓"", ""grade"": 6, ""height"": ""162"", ""experience"": ""0y"", ""gender"": ""F""}",seed@fixture,1
2026-05-01T16:28:00Z,CLIMB_LOGGED,climb,C-002_R-004,"{""timestamp"": ""2026-05-01T16:28:00Z"", ""customerId"": ""C-002"", ""routeId"": ""R-004"", ""status"": ""◎"", ""grade"": 6, ""height"": ""170"", ""experience"": ""1y"", ""gender"": ""M""}",seed@fixture,1
2026-05-01T16:36:00Z,CLIMB_LOGGED,climb,C-002_R-006,"{""timestamp"": ""2026-05-01T16:36:00Z"", ""customerId"": ""C-002"", ""routeId"": ""R-006"", ""status"": ""◎"", ""grade"": 4, ""height"": ""170"", ""experience"": ""1y"", ""gender"": ""M""}",seed@fixture,1
2026-05-01T16:44:00Z,CLIMB_LOGGED,climb,C-008_R-005,"{""timestamp"": ""2026-05-01T16:44:00Z"", ""customerId"": ""C-008"", ""routeId"": ""R-005"", ""status"": ""△"", ""grade"": 6, ""height"": ""169"", ""experience"": ""3y"", ""gender"": ""F""}",seed@fixture,1
2026-05-01T16:52:00Z,CLIMB_LOGGED,climb,C-007_R-009,"{""timestamp"": ""2026-05-01T16:52:00Z"", ""customerId"": ""C-007"", ""routeId"": ""R-009"", ""status"": ""◎"", ""grade"": 10, ""height"": ""167"", ""experience"": ""5y"", ""gender"": ""F""}",seed@fixture,1
2026-05-01T17:00:00Z,CLIMB_LOGGED,climb,C-019_R-010,"{""timestamp"": ""2026-05-01T17:00:00Z"", ""customerId"": ""C-019"", ""routeId"": ""R-010"", ""status"": ""△"", ""grade"": 3, ""height"": ""173"", ""experience"": ""0y"", ""gender"": ""M""}",seed@fixture,1
2026-05-01T17:08:00Z,CLIMB_LOGGED,climb,C-016_R-007,"{""timestamp"": ""2026-05-01T17:08:00Z"", ""customerId"": ""C-016"", ""routeId"": ""R-007"", ""status"": ""◎"", ""grade"": 5, ""height"": ""173"", ""experience"": ""5y"", ""gender"": ""F""}",seed@fixture,1
2026-05-01T17:16:00Z,CLIMB_LOGGED,climb,C-004_R-007,"{""timestamp"": ""2026-05-01T17:16:00Z"", ""customerId"": ""C-004"", ""routeId"": ""R-007"", ""status"": ""◯"", ""grade"": 5, ""height"": ""182"", ""experience"": ""0y"", ""gender"": ""M""}",seed@fixture,1
2026-05-01T17:24:00Z,CLIMB_LOGGED,climb,C-014_R-008,"{""timestamp"": ""2026-05-01T17:24:00Z"", ""customerId"": ""C-014"", ""routeId"": ""R-008"", ""status"": ""✓"", ""grade"": 2, ""height"": ""157"", ""experience"": ""5y"", ""gender"": ""F""}",seed@fixture,1
2026-05-01T17:32:00Z,CLIMB_LOGGED,climb,C-002_R-002,"{""timestamp"": ""2026-05-01T17:32:00Z"", ""customerId"": ""C-002"", ""routeId"": ""R-002"", ""status"": ""◎"", ""grade"": 6, ""height"": ""170"", ""experience"": ""1y"", ""gender"": ""M""}",seed@fixture,1
2026-05-01T17:40:00Z,CLIMB_LOGGED,climb,C-011_R-002,"{""timestamp"": ""2026-05-01T17:40:00Z"", ""customerId"": ""C-011"", ""routeId"": ""R-002"", ""status"": ""◯"", ""grade"": 6, ""height"": ""168"", ""experience"": ""2y"", ""gender"": ""M""}",seed@fixture,1
2026-05-01T17:48:00Z,CLIMB_LOGGED,climb,C-007_R-009,"{""timestamp"": ""2026-05-01T17:48:00Z"", ""customerId"": ""C-007"", ""routeId"": ""R-009"", ""status"": ""◯"", ""grade"": 10, ""height"": ""167"", ""experience"": ""5y"", ""gender"": ""F""}",seed@fixture,1
2026-05-01T17:56:00Z,CLIMB_LOGGED,climb,C-014_R-003,"{""timestamp"": ""2026-05-01T17:56:00Z"", ""customerId"": ""C-014"", ""routeId"": ""R-003"", ""status"": ""◯"", ""grade"": 3, ""height"": ""157"", ""experience"": ""5y"", ""gender"": ""F""}",seed@fixture,1
2026-05-01T18:04:00Z,CLIMB_LOGGED,climb,C-008_R-002,"{""timestamp"": ""2026-05-01T18:04:00Z"", ""customerId"": ""C-008"", ""routeId"": ""R-002"", ""status"": ""◯"", ""grade"": 6, ""height"": ""169"", ""experience"": ""3y"", ""gender"": ""F""}",seed@fixture,1
2026-05-01T18:12:00Z,CLIMB_LOGGED,climb,C-018_R-002,"{""timestamp"": ""2026-05-01T18:12:00Z"", ""customerId"": ""C-018"", ""routeId"": ""R-002"", ""status"": ""◎"", ""grade"": 6, ""height"": ""157"", ""experience"": ""5y"", ""gender"": ""M""}",seed@fixture,1
2026-05-01T18:20:00Z,CLIMB_LOGGED,climb,C-018_R-001,"{""timestamp"": ""2026-05-01T18:20:00Z"", ""customerId"": ""C-018"", ""routeId"": ""R-001"", ""status"": ""✓"", ""grade"": 8, ""height"": ""157"", ""experience"": ""5y"", ""gender"": ""M""}",seed@fixture,1
2026-05-01T18:28:00Z,CLIMB_LOGGED,climb,C-008_R-003,"{""timestamp"": ""2026-05-01T18:28:00Z"", ""customerId"": ""C-008"", ""routeId"": ""R-003"", ""status"": ""◯"", ""grade"": 3, ""height"": ""169"", ""experience"": ""3y"", ""gender"": ""F""}",seed@fixture,1
2026-05-01T18:36:00Z,CLIMB_LOGGED,climb,C-016_R-004,"{""timestamp"": ""2026-05-01T18:36:00Z"", ""customerId"": ""C-016"", ""routeId"": ""R-004"", ""status"": ""✓"", ""grade"": 6, ""height"": ""173"", ""experience"": ""5y"", ""gender"": ""F""}",seed@fixture,1
2026-05-01T18:44:00Z,CLIMB_LOGGED,climb,C-002_R-003,"{""timestamp"": ""2026-05-01T18:44:00Z"", ""customerId"": ""C-002"", ""routeId"": ""R-003"", ""status"": ""◯"", ""grade"": 3, ""height"": ""170"", ""experience"": ""1y"", ""gender"": ""M""}",seed@fixture,1
2026-05-01T18:52:00Z,CLIMB_LOGGED,climb,C-013_R-005,"{""timestamp"": ""2026-05-01T18:52:00Z"", ""customerId"": ""C-013"", ""routeId"": ""R-005"", ""status"": ""✓"", ""grade"": 6, ""height"": ""177"", ""experience"": ""2y"", ""gender"": ""F""}",seed@fixture,1
2026-05-01T19:00:00Z,CLIMB_LOGGED,climb,C-015_R-005,"{""timestamp"": ""2026-05-01T19:00:00Z"", ""customerId"": ""C-015"", ""routeId"": ""R-005"", ""status"": ""◯"", ""grade"": 6, ""height"": ""162"", ""experience"": ""3y"", ""gender"": ""M""}",seed@fixture,1
2026-05-01T19:08:00Z,CLIMB_LOGGED,climb,C-018_R-008,"{""timestamp"": ""2026-05-01T19:08:00Z"", ""customerId"": ""C-018"", ""routeId"": ""R-008"", ""status"": ""◎"", ""grade"": 2, ""height"": ""157"", ""experience"": ""5y"", ""gender"": ""M""}",seed@fixture,1
2026-05-01T19:16:00Z,CLIMB_LOGGED,climb,C-010_R-004,"{""timestamp"": ""2026-05-01T19:16:00Z"", ""customerId"": ""C-010"", ""routeId"": ""R-004"", ""status"": ""✓"", ""grade"": 6, ""height"": ""176"", ""experience"": ""2y"", ""gender"": ""M""}",seed@fixture,1
2026-05-01T19:24:00Z,CLIMB_LOGGED,climb,C-019_R-009,"{""timestamp"": ""2026-05-01T19:24:00Z"", ""customerId"": ""C-019"", ""routeId"": ""R-009"", ""status"": ""◎"", ""grade"": 10, ""height"": ""173"", ""experience"": ""0y"", ""gender"": ""M""}",seed@fixture,1
2026-05-01T19:32:00Z,CLIMB_LOGGED,climb,C-011_R-001,"{""timestamp"": ""2026-05-01T19:32:00Z"", ""customerId"": ""C-011"", ""routeId"": ""R-001"", ""status"": ""◎"", ""grade"": 8, ""height"": ""168"", ""experience"": ""2y"", ""gender"": ""M""}",seed@fixture,1
2026-05-01T19:40:00Z,CLIMB_LOGGED,climb,C-016_R-009,"{""timestamp"": ""2026-05-01T19:40:00Z"", ""customerId"": ""C-016"", ""routeId"": ""R-009"", ""status"": ""✓"", ""grade"": 10, ""height"": ""173"", ""experience"": ""5y"", ""gender"": ""F""}",seed@fixture,1
2026-05-01T19:48:00Z,CLIMB_LOGGED,climb,C-017_R-003,"{""timestamp"": ""2026-05-01T19:48:00Z"", ""customerId"": ""C-017"", ""routeId"": ""R-003"", ""status"": ""◎"", ""grade"": 3, ""height"": ""167"", ""experience"": ""5y"", ""gender"": ""M""}",seed@fixture,1
2026-05-01T19:56:00Z,CLIMB_LOGGED,climb,C-017_R-002,"{""timestamp"": ""2026-05-01T19:56:00Z"", ""customerId"": ""C-017"", ""routeId"": ""R-002"", ""status"": ""✓"", ""grade"": 6, ""height"": ""167"", ""experience"": ""5y"", ""gender"": ""M""}",seed@fixture,1
2026-05-01T20:04:00Z,CLIMB_LOGGED,climb,C-003_R-010,"{""timestamp"": ""2026-05-01T20:04:00Z"", ""customerId"": ""C-003"", ""routeId"": ""R-010"", ""status"": ""◎"", ""grade"": 3, ""height"": ""161"", ""experience"": ""5y"", ""gender"": ""M""}",seed@fixture,1
2026-05-01T20:12:00Z,CLIMB_LOGGED,climb,C-008_R-007,"{""timestamp"": ""2026-05-01T20:12:00Z"", ""customerId"": ""C-008"", ""routeId"": ""R-007"", ""status"": ""◎"", ""grade"": 5, ""height"": ""169"", ""experience"": ""3y"", ""gender"": ""F""}",seed@fixture,1
2026-05-01T20:20:00Z,CLIMB_LOGGED,climb,C-019_R-004,"{""timestamp"": ""2026-05-01T20:20:00Z"", ""customerId"": ""C-019"", ""routeId"": ""R-004"", ""status"": ""△"", ""grade"": 6, ""height"": ""173"", ""experience"": ""0y"", ""gender"": ""M""}",seed@fixture,1
2026-05-01T20:28:00Z,CLIMB_LOGGED,climb,C-002_R-010,"{""timestamp"": ""2026-05-01T20:28:00Z"", ""customerId"": ""C-002"", ""routeId"": ""R-010"", ""status"": ""◎"", ""grade"": 3, ""height"": ""170"", ""experience"": ""1y"", ""gender"": ""M""}",seed@fixture,1
2026-05-01T20:36:00Z,CLIMB_LOGGED,climb,C-019_R-010,"{""timestamp"": ""2026-05-01T20:36:00Z"", ""customerId"": ""C-019"", ""routeId"": ""R-010"", ""status"": ""△"", ""grade"": 3, ""height"": ""173"", ""experience"": ""0y"", ""gender"": ""M""}",seed@fixture,1
2026-05-01T20:44:00Z,CLIMB_LOGGED,climb,C-009_R-004,"{""timestamp"": ""2026-05-01T20:44:00Z"", ""customerId"": ""C-009"", ""routeId"": ""R-004"", ""status"": ""△"", ""grade"": 6, ""height"": ""155"", ""experience"": ""1y"", ""gender"": ""F""}",seed@fixture,1
2026-05-01T20:52:00Z,CLIMB_LOGGED,climb,C-011_R-004,"{""timestamp"": ""2026-05-01T20:52:00Z"", ""customerId"": ""C-011"", ""routeId"": ""R-004"", ""status"": ""◯"", ""grade"": 6, ""height"": ""168"", ""experience"": ""2y"", ""gender"": ""M""}",seed@fixture,1
2026-05-01T21:00:00Z,CLIMB_LOGGED,climb,C-005_R-005,"{""timestamp"": ""2026-05-01T21:00:00Z"", ""customerId"": ""C-005"", ""routeId"": ""R-005"", ""status"": ""△"", ""grade"": 6, ""height"": ""160"", ""experience"": ""1y"", ""gender"": ""M""}",seed@fixture,1
2026-05-01T21:08:00Z,CLIMB_LOGGED,climb,C-003_R-001,"{""timestamp"": ""2026-05-01T21:08:00Z"", ""customerId"": ""C-003"", ""routeId"": ""R-001"", ""status"": ""△"", ""grade"": 8, ""height"": ""161"", ""experience"": ""5y"", ""gender"": ""M""}",seed@fixture,1
2026-05-01T21:16:00Z,CLIMB_LOGGED,climb,C-019_R-002,"{""timestamp"": ""2026-05-01T21:16:00Z"", ""customerId"": ""C-019"", ""routeId"": ""R-002"", ""status"": ""◎"", ""grade"": 6, ""height"": ""173"", ""experience"": ""0y"", ""gender"": ""M""}",seed@fixture,1
2026-05-01T21:24:00Z,CLIMB_LOGGED,climb,C-007_R-009,"{""timestamp"": ""2026-05-01T21:24:00Z"", ""customerId"": ""C-007"", ""routeId"": ""R-009"", ""status"": ""◯"", ""grade"": 10, ""height"": ""167"", ""experience"": ""5y"", ""gender"": ""F""}",seed@fixture,1
2026-05-01T21:32:00Z,CLIMB_LOGGED,climb,C-012_R-002,"{""timestamp"": ""2026-05-01T21:32:00Z"", ""customerId"": ""C-012"", ""routeId"": ""R-002"", ""status"": ""✓"", ""grade"": 6, ""height"": ""160"", ""experience"": ""3y"", ""gender"": ""M""}",seed@fixture,1
2026-05-01T21:40:00Z,CLIMB_LOGGED,climb,C-012_R-005,"{""timestamp"": ""2026-05-01T21:40:00Z"", ""customerId"": ""C-012"", ""routeId"": ""R-005"", ""status"": ""◎"", ""grade"": 6, ""height"": ""160"", ""experience"": ""3y"", ""gender"": ""M""}",seed@fixture,1
2026-05-01T21:48:00Z,CLIMB_LOGGED,climb,C-018_R-005,"{""timestamp"": ""2026-05-01T21:48:00Z"", ""customerId"": ""C-018"", ""routeId"": ""R-005"", ""status"": ""△"", ""grade"": 6, ""height"": ""157"", ""experience"": ""5y"", ""gender"": ""M""}",seed@fixture,1
2026-05-01T21:56:00Z,CLIMB_LOGGED,climb,C-017_R-001,"{""timestamp"": ""2026-05-01T21:56:00Z"", ""customerId"": ""C-017"", ""routeId"": ""R-001"", ""status"": ""△"", ""grade"": 8, ""height"": ""167"", ""experience"": ""5y"", ""gender"": ""M""}",seed@fixture,1
2026-05-01T22:04:00Z,CLIMB_LOGGED,climb,C-018_R-005,"{""timestamp"": ""2026-05-01T22:04:00Z"", ""customerId"": ""C-018"", ""routeId"": ""R-005"", ""status"": ""✓"", ""grade"": 6, ""height"": ""157"", ""experience"": ""5y"", ""gender"": ""M""}",seed@fixture,1
2026-05-01T22:12:00Z,CLIMB_LOGGED,climb,C-004_R-003,"{""timestamp"": ""2026-05-01T22:12:00Z"", ""customerId"": ""C-004"", ""routeId"": ""R-003"", ""status"": ""◯"", ""grade"": 3, ""height"": ""182"", ""experience"": ""0y"", ""gender"": ""M""}",seed@fixture,1
2026-05-01T22:20:00Z,CLIMB_LOGGED,climb,C-004_R-009,"{""timestamp"": ""2026-05-01T22:20:00Z"", ""customerId"": ""C-004"", ""routeId"": ""R-009"", ""status"": ""◎"", ""grade"": 10, ""height"": ""182"", ""experience"": ""0y"", ""gender"": ""M""}",seed@fixture,1
2026-05-01T22:28:00Z,CLIMB_LOGGED,climb,C-010_R-010,"{""timestamp"": ""2026-05-01T22:28:00Z"", ""customerId"": ""C-010"", ""routeId"": ""R-010"", ""status"": ""◯"", ""grade"": 3, ""height"": ""176"", ""experience"": ""2y"", ""gender"": ""M""}",seed@fixture,1
2026-05-01T22:36:00Z,CLIMB_LOGGED,climb,C-011_R-004,"{""timestamp"": ""2026-05-01T22:36:00Z"", ""customerId"": ""C-011"", ""routeId"": ""R-004"", ""status"": ""△"", ""grade"": 6, ""height"": ""168"", ""experience"": ""2y"", ""gender"": ""M""}",seed@fixture,1
2026-05-01T22:44:00Z,CLIMB_LOGGED,climb,C-009_R-009,"{""timestamp"": ""2026-05-01T22:44:00Z"", ""customerId"": ""C-009"", ""routeId"": ""R-009"", ""status"": ""△"", ""grade"": 10, ""height"": ""155"", ""experience"": ""1y"", ""gender"": ""F""}",seed@fixture,1
2026-05-01T22:52:00Z,CLIMB_LOGGED,climb,C-002_R-002,"{""timestamp"": ""2026-05-01T22:52:00Z"", ""customerId"": ""C-002"", ""routeId"": ""R-002"", ""status"": ""△"", ""grade"": 6, ""height"": ""170"", ""experience"": ""1y"", ""gender"": ""M""}",seed@fixture,1
2026-05-01T23:00:00Z,CLIMB_LOGGED,climb,C-009_R-001,"{""timestamp"": ""2026-05-01T23:00:00Z"", ""customerId"": ""C-009"", ""routeId"": ""R-001"", ""status"": ""◎"", ""grade"": 8, ""height"": ""155"", ""experience"": ""1y"", ""gender"": ""F""}",seed@fixture,1
2026-05-01T23:08:00Z,CLIMB_LOGGED,climb,C-005_R-005,"{""timestamp"": ""2026-05-01T23:08:00Z"", ""customerId"": ""C-005"", ""routeId"": ""R-005"", ""status"": ""◎"", ""grade"": 6, ""height"": ""160"", ""experience"": ""1y"", ""gender"": ""M""}",seed@fixture,1
2026-05-01T23:16:00Z,CLIMB_LOGGED,climb,C-015_R-009,"{""timestamp"": ""2026-05-01T23:16:00Z"", ""customerId"": ""C-015"", ""routeId"": ""R-009"", ""status"": ""✓"", ""grade"": 10, ""height"": ""162"", ""experience"": ""3y"", ""gender"": ""M""}",seed@fixture,1
2026-05-01T23:24:00Z,CLIMB_LOGGED,climb,C-018_R-001,"{""timestamp"": ""2026-05-01T23:24:00Z"", ""customerId"": ""C-018"", ""routeId"": ""R-001"", ""status"": ""◎"", ""grade"": 8, ""height"": ""157"", ""experience"": ""5y"", ""gender"": ""M""}",seed@fixture,1
2026-05-01T23:32:00Z,CLIMB_LOGGED,climb,C-005_R-009,"{""timestamp"": ""2026-05-01T23:32:00Z"", ""customerId"": ""C-005"", ""routeId"": ""R-009"", ""status"": ""◎"", ""grade"": 10, ""height"": ""160"", ""experience"": ""1y"", ""gender"": ""M""}",seed@fixture,1
2026-05-01T23:40:00Z,CLIMB_LOGGED,climb,C-012_R-010,"{""timestamp"": ""2026-05-01T23:40:00Z"", ""customerId"": ""C-012"", ""routeId"": ""R-010"", ""status"": ""△"", ""grade"": 3, ""height"": ""160"", ""experience"": ""3y"", ""gender"": ""M""}",seed@fixture,1
2026-05-01T23:48:00Z,CLIMB_LOGGED,climb,C-014_R-003,"{""timestamp"": ""2026-05-01T23:48:00Z"", ""customerId"": ""C-014"", ""routeId"": ""R-003"", ""status"": ""◎"", ""grade"": 3, ""height"": ""157"", ""experience"": ""5y"", ""gender"": ""F""}",seed@fixture,1
2026-05-01T23:56:00Z,CLIMB_LOGGED,climb,C-012_R-001,"{""timestamp"": ""2026-05-01T23:56:00Z"", ""customerId"": ""C-012"", ""routeId"": ""R-001"", ""status"": ""✓"", ""grade"": 8, ""height"": ""160"", ""experience"": ""3y"", ""gender"": ""M""}",seed@fixture,1
2026-05-02T00:04:00Z,CLIMB_LOGGED,climb,C-007_R-004,"{""timestamp"": ""2026-05-02T00:04:00Z"", ""customerId"": ""C-007"", ""routeId"": ""R-004"", ""status"": ""△"", ""grade"": 6, ""height"": ""167"", ""experience"": ""5y"", ""gender"": ""F""}",seed@fixture,1
2026-05-02T00:12:00Z,CLIMB_LOGGED,climb,C-012_R-009,"{""timestamp"": ""2026-05-02T00:12:00Z"", ""customerId"": ""C-012"", ""routeId"": ""R-009"", ""status"": ""✓"", ""grade"": 10, ""height"": ""160"", ""experience"": ""3y"", ""gender"": ""M""}",seed@fixture,1
2026-05-02T00:20:00Z,CLIMB_LOGGED,climb,C-014_R-010,"{""timestamp"": ""2026-05-02T00:20:00Z"", ""customerId"": ""C-014"", ""routeId"": ""R-010"", ""status"": ""✓"", ""grade"": 3, ""height"": ""157"", ""experience"": ""5y"", ""gender"": ""F""}",seed@fixture,1
2026-05-02T00:28:00Z,CLIMB_LOGGED,climb,C-008_R-003,"{""timestamp"": ""2026-05-02T00:28:00Z"", ""customerId"": ""C-008"", ""routeId"": ""R-003"", ""status"": ""✓"", ""grade"": 3, ""height"": ""169"", ""experience"": ""3y"", ""gender"": ""F""}",seed@fixture,1
2026-05-02T00:36:00Z,CLIMB_LOGGED,climb,C-006_R-007,"{""timestamp"": ""2026-05-02T00:36:00Z"", ""customerId"": ""C-006"", ""routeId"": ""R-007"", ""status"": ""◎"", ""grade"": 5, ""height"": ""187"", ""experience"": ""4y"", ""gender"": ""M""}",seed@fixture,1
2026-05-02T00:44:00Z,CLIMB_LOGGED,climb,C-011_R-007,"{""timestamp"": ""2026-05-02T00:44:00Z"", ""customerId"": ""C-011"", ""routeId"": ""R-007"", ""status"": ""✓"", ""grade"": 5, ""height"": ""168"", ""experience"": ""2y"", ""gender"": ""M""}",seed@fixture,1
2026-05-02T00:52:00Z,CLIMB_LOGGED,climb,C-008_R-005,"{""timestamp"": ""2026-05-02T00:52:00Z"", ""customerId"": ""C-008"", ""routeId"": ""R-005"", ""status"": ""◎"", ""grade"": 6, ""height"": ""169"", ""experience"": ""3y"", ""gender"": ""F""}",seed@fixture,1
2026-05-02T01:00:00Z,CLIMB_LOGGED,climb,C-004_R-007,"{""timestamp"": ""2026-05-02T01:00:00Z"", ""customerId"": ""C-004"", ""routeId"": ""R-007"", ""status"": ""✓"", ""grade"": 5, ""height"": ""182"", ""experience"": ""0y"", ""gender"": ""M""}",seed@fixture,1
2026-05-02T01:08:00Z,CLIMB_LOGGED,climb,C-016_R-004,"{""timestamp"": ""2026-05-02T01:08:00Z"", ""customerId"": ""C-016"", ""routeId"": ""R-004"", ""status"": ""◎"", ""grade"": 6, ""height"": ""173"", ""experience"": ""5y"", ""gender"": ""F""}",seed@fixture,1
2026-05-02T01:16:00Z,CLIMB_LOGGED,climb,C-015_R-006,"{""timestamp"": ""2026-05-02T01:16:00Z"", ""customerId"": ""C-015"", ""routeId"": ""R-006"", ""status"": ""◯"", ""grade"": 4, ""height"": ""162"", ""experience"": ""3y"", ""gender"": ""M""}",seed@fixture,1
2026-05-02T01:24:00Z,CLIMB_LOGGED,climb,C-008_R-004,"{""timestamp"": ""2026-05-02T01:24:00Z"", ""customerId"": ""C-008"", ""routeId"": ""R-004"", ""status"": ""◎"", ""grade"": 6, ""height"": ""169"", ""experience"": ""3y"", ""gender"": ""F""}",seed@fixture,1
2026-05-02T01:32:00Z,CLIMB_LOGGED,climb,C-007_R-007,"{""timestamp"": ""2026-05-02T01:32:00Z"", ""customerId"": ""C-007"", ""routeId"": ""R-007"", ""status"": ""◯"", ""grade"": 5, ""height"": ""167"", ""experience"": ""5y"", ""gender"": ""F""}",seed@fixture,1
2026-05-02T01:40:00Z,CLIMB_LOGGED,climb,C-003_R-005,"{""timestamp"": ""2026-05-02T01:40:00Z"", ""customerId"": ""C-003"", ""routeId"": ""R-005"", ""status"": ""◯"", ""grade"": 6, ""height"": ""161"", ""experience"": ""5y"", ""gender"": ""M""}",seed@fixture,1
2026-05-02T01:48:00Z,CLIMB_LOGGED,climb,C-017_R-007,"{""timestamp"": ""2026-05-02T01:48:00Z"", ""customerId"": ""C-017"", ""routeId"": ""R-007"", ""status"": ""△"", ""grade"": 5, ""height"": ""167"", ""experience"": ""5y"", ""gender"": ""M""}",seed@fixture,1
2026-05-02T01:56:00Z,CLIMB_LOGGED,climb,C-018_R-006,"{""timestamp"": ""2026-05-02T01:56:00Z"", ""customerId"": ""C-018"", ""routeId"": ""R-006"", ""status"": ""✓"", ""grade"": 4, ""height"": ""157"", ""experience"": ""5y"", ""gender"": ""M""}",seed@fixture,1
2026-05-02T02:04:00Z,CLIMB_LOGGED,climb,C-004_R-005,"{""timestamp"": ""2026-05-02T02:04:00Z"", ""customerId"": ""C-004"", ""routeId"": ""R-005"", ""status"": ""◎"", ""grade"": 6, ""height"": ""182"", ""experience"": ""0y"", ""gender"": ""M""}",seed@fixture,1
2026-05-02T02:12:00Z,CLIMB_LOGGED,climb,C-009_R-001,"{""timestamp"": ""2026-05-02T02:12:00Z"", ""customerId"": ""C-009"", ""routeId"": ""R-001"", ""status"": ""◎"", ""grade"": 8, ""height"": ""155"", ""experience"": ""1y"", ""gender"": ""F""}",seed@fixture,1
2026-05-02T02:20:00Z,CLIMB_LOGGED,climb,C-014_R-006,"{""timestamp"": ""2026-05-02T02:20:00Z"", ""customerId"": ""C-014"", ""routeId"": ""R-006"", ""status"": ""✓"", ""grade"": 4, ""height"": ""157"", ""experience"": ""5y"", ""gender"": ""F""}",seed@fixture,1
2026-05-02T02:28:00Z,CLIMB_LOGGED,climb,C-011_R-007,"{""timestamp"": ""2026-05-02T02:28:00Z"", ""customerId"": ""C-011"", ""routeId"": ""R-007"", ""status"": ""△"", ""grade"": 5, ""height"": ""168"", ""experience"": ""2y"", ""gender"": ""M""}",seed@fixture,1
2026-05-02T02:36:00Z,CLIMB_LOGGED,climb,C-017_R-002,"{""timestamp"": ""2026-05-02T02:36:00Z"", ""customerId"": ""C-017"", ""routeId"": ""R-002"", ""status"": ""◯"", ""grade"": 6, ""height"": ""167"", ""experience"": ""5y"", ""gender"": ""M""}",seed@fixture,1
2026-05-02T02:44:00Z,CLIMB_LOGGED,climb,C-019_R-004,"{""timestamp"": ""2026-05-02T02:44:00Z"", ""customerId"": ""C-019"", ""routeId"": ""R-004"", ""status"": ""◯"", ""grade"": 6, ""height"": ""173"", ""experience"": ""0y"", ""gender"": ""M""}",seed@fixture,1
2026-05-02T02:52:00Z,CLIMB_LOGGED,climb,C-014_R-001,"{""timestamp"": ""2026-05-02T02:52:00Z"", ""customerId"": ""C-014"", ""routeId"": ""R-001"", ""status"": ""△"", ""grade"": 8, ""height"": ""157"", ""experience"": ""5y"", ""gender"": ""F""}",seed@fixture,1
2026-05-02T03:00:00Z,CLIMB_LOGGED,climb,C-018_R-004,"{""timestamp"": ""2026-05-02T03:00:00Z"", ""customerId"": ""C-018"", ""routeId"": ""R-004"", ""status"": ""◯"", ""grade"": 6, ""height"": ""157"", ""experience"": ""5y"", ""gender"": ""M""}",seed@fixture,1
2026-05-02T03:08:00Z,CLIMB_LOGGED,climb,C-003_R-006,"{""timestamp"": ""2026-05-02T03:08:00Z"", ""customerId"": ""C-003"", ""routeId"": ""R-006"", ""status"": ""△"", ""grade"": 4, ""height"": ""161"", ""experience"": ""5y"", ""gender"": ""M""}",seed@fixture,1
2026-05-02T03:16:00Z,CLIMB_LOGGED,climb,C-004_R-005,"{""timestamp"": ""2026-05-02T03:16:00Z"", ""customerId"": ""C-004"", ""routeId"": ""R-005"", ""status"": ""△"", ""grade"": 6, ""height"": ""182"", ""experience"": ""0y"", ""gender"": ""M""}",seed@fixture,1
2026-05-02T03:24:00Z,CLIMB_LOGGED,climb,C-014_R-006,"{""timestamp"": ""2026-05-02T03:24:00Z"", ""customerId"": ""C-014"", ""routeId"": ""R-006"", ""status"": ""◯"", ""grade"": 4, ""height"": ""157"", ""experience"": ""5y"", ""gender"": ""F""}",seed@fixture,1
2026-05-02T03:32:00Z,CLIMB_LOGGED,climb,C-010_R-009,"{""timestamp"": ""2026-05-02T03:32:00Z"", ""customerId"": ""C-010"", ""routeId"": ""R-009"", ""status"": ""◎"", ""grade"": 10, ""height"": ""176"", ""experience"": ""2y"", ""gender"": ""M""}",seed@fixture,1
2026-05-02T03:40:00Z,CLIMB_LOGGED,climb,C-014_R-007,"{""timestamp"": ""2026-05-02T03:40:00Z"", ""customerId"": ""C-014"", ""routeId"": ""R-007"", ""status"": ""△"", ""grade"": 5, ""height"": ""157"", ""experience"": ""5y"", ""gender"": ""F""}",seed@fixture,1
2026-05-02T03:48:00Z,CLIMB_LOGGED,climb,C-006_R-010,"{""timestamp"": ""2026-05-02T03:48:00Z"", ""customerId"": ""C-006"", ""routeId"": ""R-010"", ""status"": ""△"", ""grade"": 3, ""height"": ""187"", ""experience"": ""4y"", ""gender"": ""M""}",seed@fixture,1
2026-05-02T03:56:00Z,CLIMB_LOGGED,climb,C-013_R-009,"{""timestamp"": ""2026-05-02T03:56:00Z"", ""customerId"": ""C-013"", ""routeId"": ""R-009"", ""status"": ""✓"", ""grade"": 10, ""height"": ""177"", ""experience"": ""2y"", ""gender"": ""F""}",seed@fixture,1
2026-05-02T04:04:00Z,CLIMB_LOGGED,climb,C-010_R-005,"{""timestamp"": ""2026-05-02T04:04:00Z"", ""customerId"": ""C-010"", ""routeId"": ""R-005"", ""status"": ""◯"", ""grade"": 6, ""height"": ""176"", ""experience"": ""2y"", ""gender"": ""M""}",seed@fixture,1
2026-05-02T04:12:00Z,CLIMB_LOGGED,climb,C-019_R-010,"{""timestamp"": ""2026-05-02T04:12:00Z"", ""customerId"": ""C-019"", ""routeId"": ""R-010"", ""status"": ""△"", ""grade"": 3, ""height"": ""173"", ""experience"": ""0y"", ""gender"": ""M""}",seed@fixture,1
2026-05-02T04:20:00Z,CLIMB_LOGGED,climb,C-015_R-008,"{""timestamp"": ""2026-05-02T04:20:00Z"", ""customerId"": ""C-015"", ""routeId"": ""R-008"", ""status"": ""◯"", ""grade"": 2, ""height"": ""162"", ""experience"": ""3y"", ""gender"": ""M""}",seed@fixture,1
2026-05-02T04:28:00Z,CLIMB_LOGGED,climb,C-007_R-009,"{""timestamp"": ""2026-05-02T04:28:00Z"", ""customerId"": ""C-007"", ""routeId"": ""R-009"", ""status"": ""△"", ""grade"": 10, ""height"": ""167"", ""experience"": ""5y"", ""gender"": ""F""}",seed@fixture,1
2026-05-02T04:36:00Z,CLIMB_LOGGED,climb,C-006_R-002,"{""timestamp"": ""2026-05-02T04:36:00Z"", ""customerId"": ""C-006"", ""routeId"": ""R-002"", ""status"": ""◯"", ""grade"": 6, ""height"": ""187"", ""experience"": ""4y"", ""gender"": ""M""}",seed@fixture,1
2026-05-02T04:44:00Z,CLIMB_LOGGED,climb,C-020_R-006,"{""timestamp"": ""2026-05-02T04:44:00Z"", ""customerId"": ""C-020"", ""routeId"": ""R-006"", ""status"": ""◎"", ""grade"": 4, ""height"": ""161"", ""experience"": ""3y"", ""gender"": ""F""}",seed@fixture,1
2026-05-02T04:52:00Z,CLIMB_LOGGED,climb,C-008_R-005,"{""timestamp"": ""2026-05-02T04:52:00Z"", ""customerId"": ""C-008"", ""routeId"": ""R-005"", ""status"": ""◯"", ""grade"": 6, ""height"": ""169"", ""experience"": ""3y"", ""gender"": ""F""}",seed@fixture,1
2026-05-02T05:00:00Z,CLIMB_LOGGED,climb,C-007_R-003,"{""timestamp"": ""2026-05-02T05:00:00Z"", ""customerId"": ""C-007"", ""routeId"": ""R-003"", ""status"": ""◎"", ""grade"": 3, ""height"": ""167"", ""experience"": ""5y"", ""gender"": ""F""}",seed@fixture,1
2026-05-02T05:08:00Z,CLIMB_LOGGED,climb,C-008_R-008,"{""timestamp"": ""2026-05-02T05:08:00Z"", ""customerId"": ""C-008"", ""routeId"": ""R-008"", ""status"": ""△"", ""grade"": 2, ""height"": ""169"", ""experience"": ""3y"", ""gender"": ""F""}",seed@fixture,1
2026-05-02T05:16:00Z,CLIMB_LOGGED,climb,C-003_R-008,"{""timestamp"": ""2026-05-02T05:16:00Z"", ""customerId"": ""C-003"", ""routeId"": ""R-008"", ""status"": ""◯"", ""grade"": 2, ""height"": ""161"", ""experience"": ""5y"", ""gender"": ""M""}",seed@fixture,1
2026-05-02T05:24:00Z,CLIMB_LOGGED,climb,C-019_R-004,"{""timestamp"": ""2026-05-02T05:24:00Z"", ""customerId"": ""C-019"", ""routeId"": ""R-004"", ""status"": ""✓"", ""grade"": 6, ""height"": ""173"", ""experience"": ""0y"", ""gender"": ""M""}",seed@fixture,1
2026-05-02T05:32:00Z,CLIMB_LOGGED,climb,C-013_R-008,"{""timestamp"": ""2026-05-02T05:32:00Z"", ""customerId"": ""C-013"", ""routeId"": ""R-008"", ""status"": ""◯"", ""grade"": 2, ""height"": ""177"", ""experience"": ""2y"", ""gender"": ""F""}",seed@fixture,1
2026-05-02T05:40:00Z,CLIMB_LOGGED,climb,C-005_R-001,"{""timestamp"": ""2026-05-02T05:40:00Z"", ""customerId"": ""C-005"", ""routeId"": ""R-001"", ""status"": ""✓"", ""grade"": 8, ""height"": ""160"", ""experience"": ""1y"", ""gender"": ""M""}",seed@fixture,1
2026-05-02T05:48:00Z,CLIMB_LOGGED,climb,C-004_R-007,"{""timestamp"": ""2026-05-02T05:48:00Z"", ""customerId"": ""C-004"", ""routeId"": ""R-007"", ""status"": ""◯"", ""grade"": 5, ""height"": ""182"", ""experience"": ""0y"", ""gender"": ""M""}",seed@fixture,1
2026-05-02T05:56:00Z,CLIMB_LOGGED,climb,C-017_R-008,"{""timestamp"": ""2026-05-02T05:56:00Z"", ""customerId"": ""C-017"", ""routeId"": ""R-008"", ""status"": ""◎"", ""grade"": 2, ""height"": ""167"", ""experience"": ""5y"", ""gender"": ""M""}",seed@fixture,1
2026-05-02T06:04:00Z,CLIMB_LOGGED,climb,C-008_R-002,"{""timestamp"": ""2026-05-02T06:04:00Z"", ""customerId"": ""C-008"", ""routeId"": ""R-002"", ""status"": ""△"", ""grade"": 6, ""height"": ""169"", ""experience"": ""3y"", ""gender"": ""F""}",seed@fixture,1
2026-05-02T06:12:00Z,CLIMB_LOGGED,climb,C-015_R-009,"{""timestamp"": ""2026-05-02T06:12:00Z"", ""customerId"": ""C-015"", ""routeId"": ""R-009"", ""status"": ""✓"", ""grade"": 10, ""height"": ""162"", ""experience"": ""3y"", ""gender"": ""M""}",seed@fixture,1
2026-05-02T06:20:00Z,CLIMB_LOGGED,climb,C-020_R-006,"{""timestamp"": ""2026-05-02T06:20:00Z"", ""customerId"": ""C-020"", ""routeId"": ""R-006"", ""status"": ""✓"", ""grade"": 4, ""height"": ""161"", ""experience"": ""3y"", ""gender"": ""F""}",seed@fixture,1
2026-05-02T06:28:00Z,CLIMB_LOGGED,climb,C-015_R-010,"{""timestamp"": ""2026-05-02T06:28:00Z"", ""customerId"": ""C-015"", ""routeId"": ""R-010"", ""status"": ""✓"", ""grade"": 3, ""height"": ""162"", ""experience"": ""3y"", ""gender"": ""M""}",seed@fixture,1
2026-05-02T06:36:00Z,CLIMB_LOGGED,climb,C-017_R-007,"{""timestamp"": ""2026-05-02T06:36:00Z"", ""customerId"": ""C-017"", ""routeId"": ""R-007"", ""status"": ""✓"", ""grade"": 5, ""height"": ""167"", ""experience"": ""5y"", ""gender"": ""M""}",seed@fixture,1
2026-05-02T06:44:00Z,CLIMB_LOGGED,climb,C-018_R-008,"{""timestamp"": ""2026-05-02T06:44:00Z"", ""customerId"": ""C-018"", ""routeId"": ""R-008"", ""status"": ""✓"", ""grade"": 2, ""height"": ""157"", ""experience"": ""5y"", ""gender"": ""M""}",seed@fixture,1
2026-05-02T06:52:00Z,CLIMB_LOGGED,climb,C-016_R-008,"{""timestamp"": ""2026-05-02T06:52:00Z"", ""customerId"": ""C-016"", ""routeId"": ""R-008"", ""status"": ""◯"", ""grade"": 2, ""height"": ""173"", ""experience"": ""5y"", ""gender"": ""F""}",seed@fixture,1
2026-05-02T07:00:00Z,CLIMB_LOGGED,climb,C-008_R-005,"{""timestamp"": ""2026-05-02T07:00:00Z"", ""customerId"": ""C-008"", ""routeId"": ""R-005"", ""status"": ""✓"", ""grade"": 6, ""height"": ""169"", ""experience"": ""3y"", ""gender"": ""F""}",seed@fixture,1
2026-05-02T07:08:00Z,CLIMB_LOGGED,climb,C-017_R-008,"{""timestamp"": ""2026-05-02T07:08:00Z"", ""customerId"": ""C-017"", ""routeId"": ""R-008"", ""status"": ""△"", ""grade"": 2, ""height"": ""167"", ""experience"": ""5y"", ""gender"": ""M""}",seed@fixture,1
2026-05-02T07:16:00Z,CLIMB_LOGGED,climb,C-009_R-008,"{""timestamp"": ""2026-05-02T07:16:00Z"", ""customerId"": ""C-009"", ""routeId"": ""R-008"", ""status"": ""◎"", ""grade"": 2, ""height"": ""155"", ""experience"": ""1y"", ""gender"": ""F""}",seed@fixture,1
2026-05-02T07:24:00Z,CLIMB_LOGGED,climb,C-010_R-004,"{""timestamp"": ""2026-05-02T07:24:00Z"", ""customerId"": ""C-010"", ""routeId"": ""R-004"", ""status"": ""◯"", ""grade"": 6, ""height"": ""176"", ""experience"": ""2y"", ""gender"": ""M""}",seed@fixture,1
2026-05-02T07:32:00Z,CLIMB_LOGGED,climb,C-011_R-009,"{""timestamp"": ""2026-05-02T07:32:00Z"", ""customerId"": ""C-011"", ""routeId"": ""R-009"", ""status"": ""◎"", ""grade"": 10, ""height"": ""168"", ""experience"": ""2y"", ""gender"": ""M""}",seed@fixture,1
2026-05-02T07:40:00Z,CLIMB_LOGGED,climb,C-005_R-004,"{""timestamp"": ""2026-05-02T07:40:00Z"", ""customerId"": ""C-005"", ""routeId"": ""R-004"", ""status"": ""◯"", ""grade"": 6, ""height"": ""160"", ""experience"": ""1y"", ""gender"": ""M""}",seed@fixture,1
2026-05-02T07:48:00Z,CLIMB_LOGGED,climb,C-005_R-004,"{""timestamp"": ""2026-05-02T07:48:00Z"", ""customerId"": ""C-005"", ""routeId"": ""R-004"", ""status"": ""◎"", ""grade"": 6, ""height"": ""160"", ""experience"": ""1y"", ""gender"": ""M""}",seed@fixture,1
2026-05-02T07:56:00Z,CLIMB_LOGGED,climb,C-014_R-006,"{""timestamp"": ""2026-05-02T07:56:00Z"", ""customerId"": ""C-014"", ""routeId"": ""R-006"", ""status"": ""△"", ""grade"": 4, ""height"": ""157"", ""experience"": ""5y"", ""gender"": ""F""}",seed@fixture,1
2026-05-02T08:04:00Z,CLIMB_LOGGED,climb,C-014_R-001,"{""timestamp"": ""2026-05-02T08:04:00Z"", ""customerId"": ""C-014"", ""routeId"": ""R-001"", ""status"": ""◯"", ""grade"": 8, ""height"": ""157"", ""experience"": ""5y"", ""gender"": ""F""}",seed@fixture,1
2026-05-02T08:12:00Z,CLIMB_LOGGED,climb,C-014_R-007,"{""timestamp"": ""2026-05-02T08:12:00Z"", ""customerId"": ""C-014"", ""routeId"": ""R-007"", ""status"": ""✓"", ""grade"": 5, ""height"": ""157"", ""experience"": ""5y"", ""gender"": ""F""}",seed@fixture,1
2026-05-02T08:20:00Z,CLIMB_LOGGED,climb,C-019_R-001,"{""timestamp"": ""2026-05-02T08:20:00Z"", ""customerId"": ""C-019"", ""routeId"": ""R-001"", ""status"": ""✓"", ""grade"": 8, ""height"": ""173"", ""experience"": ""0y"", ""gender"": ""M""}",seed@fixture,1
2026-05-02T08:28:00Z,CLIMB_LOGGED,climb,C-019_R-007,"{""timestamp"": ""2026-05-02T08:28:00Z"", ""customerId"": ""C-019"", ""routeId"": ""R-007"", ""status"": ""△"", ""grade"": 5, ""height"": ""173"", ""experience"": ""0y"", ""gender"": ""M""}",seed@fixture,1
2026-05-02T08:36:00Z,CLIMB_LOGGED,climb,C-012_R-005,"{""timestamp"": ""2026-05-02T08:36:00Z"", ""customerId"": ""C-012"", ""routeId"": ""R-005"", ""status"": ""✓"", ""grade"": 6, ""height"": ""160"", ""experience"": ""3y"", ""gender"": ""M""}",seed@fixture,1
2026-05-02T08:44:00Z,CLIMB_LOGGED,climb,C-014_R-009,"{""timestamp"": ""2026-05-02T08:44:00Z"", ""customerId"": ""C-014"", ""routeId"": ""R-009"", ""status"": ""✓"", ""grade"": 10, ""height"": ""157"", ""experience"": ""5y"", ""gender"": ""F""}",seed@fixture,1
2026-05-02T08:52:00Z,CLIMB_LOGGED,climb,C-018_R-010,"{""timestamp"": ""2026-05-02T08:52:00Z"", ""customerId"": ""C-018"", ""routeId"": ""R-010"", ""status"": ""✓"", ""grade"": 3, ""height"": ""157"", ""experience"": ""5y"", ""gender"": ""M""}",seed@fixture,1
2026-05-02T09:00:00Z,CLIMB_LOGGED,climb,C-016_R-004,"{""timestamp"": ""2026-05-02T09:00:00Z"", ""customerId"": ""C-016"", ""routeId"": ""R-004"", ""status"": ""◯"", ""grade"": 6, ""height"": ""173"", ""experience"": ""5y"", ""gender"": ""F""}",seed@fixture,1
2026-05-02T09:08:00Z,CLIMB_LOGGED,climb,C-016_R-001,"{""timestamp"": ""2026-05-02T09:08:00Z"", ""customerId"": ""C-016"", ""routeId"": ""R-001"", ""status"": ""◯"", ""grade"": 8, ""height"": ""173"", ""experience"": ""5y"", ""gender"": ""F""}",seed@fixture,1
2026-05-02T09:16:00Z,CLIMB_LOGGED,climb,C-013_R-003,"{""timestamp"": ""2026-05-02T09:16:00Z"", ""customerId"": ""C-013"", ""routeId"": ""R-003"", ""status"": ""✓"", ""grade"": 3, ""height"": ""177"", ""experience"": ""2y"", ""gender"": ""F""}",seed@fixture,1
2026-05-02T09:24:00Z,CLIMB_LOGGED,climb,C-005_R-010,"{""timestamp"": ""2026-05-02T09:24:00Z"", ""customerId"": ""C-005"", ""routeId"": ""R-010"", ""status"": ""△"", ""grade"": 3, ""height"": ""160"", ""experience"": ""1y"", ""gender"": ""M""}",seed@fixture,1
2026-05-02T09:32:00Z,CLIMB_LOGGED,climb,C-013_R-010,"{""timestamp"": ""2026-05-02T09:32:00Z"", ""customerId"": ""C-013"", ""routeId"": ""R-010"", ""status"": ""△"", ""grade"": 3, ""height"": ""177"", ""experience"": ""2y"", ""gender"": ""F""}",seed@fixture,1
2026-05-02T09:40:00Z,CLIMB_LOGGED,climb,C-001_R-002,"{""timestamp"": ""2026-05-02T09:40:00Z"", ""customerId"": ""C-001"", ""routeId"": ""R-002"", ""status"": ""△"", ""grade"": 6, ""height"": ""162"", ""experience"": ""0y"", ""gender"": ""F""}",seed@fixture,1
2026-05-02T09:48:00Z,CLIMB_LOGGED,climb,C-005_R-008,"{""timestamp"": ""2026-05-02T09:48:00Z"", ""customerId"": ""C-005"", ""routeId"": ""R-008"", ""status"": ""◎"", ""grade"": 2, ""height"": ""160"", ""experience"": ""1y"", ""gender"": ""M""}",seed@fixture,1
2026-05-02T09:56:00Z,CLIMB_LOGGED,climb,C-009_R-007,"{""timestamp"": ""2026-05-02T09:56:00Z"", ""customerId"": ""C-009"", ""routeId"": ""R-007"", ""status"": ""◯"", ""grade"": 5, ""height"": ""155"", ""experience"": ""1y"", ""gender"": ""F""}",seed@fixture,1
2026-05-02T10:04:00Z,CLIMB_LOGGED,climb,C-015_R-006,"{""timestamp"": ""2026-05-02T10:04:00Z"", ""customerId"": ""C-015"", ""routeId"": ""R-006"", ""status"": ""◯"", ""grade"": 4, ""height"": ""162"", ""experience"": ""3y"", ""gender"": ""M""}",seed@fixture,1
2026-05-02T10:12:00Z,CLIMB_LOGGED,climb,C-013_R-005,"{""timestamp"": ""2026-05-02T10:12:00Z"", ""customerId"": ""C-013"", ""routeId"": ""R-005"", ""status"": ""✓"", ""grade"": 6, ""height"": ""177"", ""experience"": ""2y"", ""gender"": ""F""}",seed@fixture,1
2026-05-02T10:20:00Z,CLIMB_LOGGED,climb,C-014_R-005,"{""timestamp"": ""2026-05-02T10:20:00Z"", ""customerId"": ""C-014"", ""routeId"": ""R-005"", ""status"": ""✓"", ""grade"": 6, ""height"": ""157"", ""experience"": ""5y"", ""gender"": ""F""}",seed@fixture,1
2026-05-02T10:28:00Z,CLIMB_LOGGED,climb,C-016_R-001,"{""timestamp"": ""2026-05-02T10:28:00Z"", ""customerId"": ""C-016"", ""routeId"": ""R-001"", ""status"": ""✓"", ""grade"": 8, ""height"": ""173"", ""experience"": ""5y"", ""gender"": ""F""}",seed@fixture,1
2026-05-02T10:36:00Z,CLIMB_LOGGED,climb,C-002_R-006,"{""timestamp"": ""2026-05-02T10:36:00Z"", ""customerId"": ""C-002"", ""routeId"": ""R-006"", ""status"": ""◯"", ""grade"": 4, ""height"": ""170"", ""experience"": ""1y"", ""gender"": ""M""}",seed@fixture,1
2026-05-02T10:44:00Z,CLIMB_LOGGED,climb,C-003_R-001,"{""timestamp"": ""2026-05-02T10:44:00Z"", ""customerId"": ""C-003"", ""routeId"": ""R-001"", ""status"": ""✓"", ""grade"": 8, ""height"": ""161"", ""experience"": ""5y"", ""gender"": ""M""}",seed@fixture,1
2026-05-02T10:52:00Z,CLIMB_LOGGED,climb,C-008_R-004,"{""timestamp"": ""2026-05-02T10:52:00Z"", ""customerId"": ""C-008"", ""routeId"": ""R-004"", ""status"": ""✓"", ""grade"": 6, ""height"": ""169"", ""experience"": ""3y"", ""gender"": ""F""}",seed@fixture,1
2026-05-02T11:00:00Z,CLIMB_LOGGED,climb,C-020_R-003,"{""timestamp"": ""2026-05-02T11:00:00Z"", ""customerId"": ""C-020"", ""routeId"": ""R-003"", ""status"": ""◯"", ""grade"": 3, ""height"": ""161"", ""experience"": ""3y"", ""gender"": ""F""}",seed@fixture,1
2026-05-02T11:08:00Z,CLIMB_LOGGED,climb,C-016_R-002,"{""timestamp"": ""2026-05-02T11:08:00Z"", ""customerId"": ""C-016"", ""routeId"": ""R-002"", ""status"": ""△"", ""grade"": 6, ""height"": ""173"", ""experience"": ""5y"", ""gender"": ""F""}",seed@fixture,1
2026-05-02T11:16:00Z,CLIMB_LOGGED,climb,C-007_R-008,"{""timestamp"": ""2026-05-02T11:16:00Z"", ""customerId"": ""C-007"", ""routeId"": ""R-008"", ""status"": ""△"", ""grade"": 2, ""height"": ""167"", ""experience"": ""5y"", ""gender"": ""F""}",seed@fixture,1
2026-05-02T11:24:00Z,CLIMB_LOGGED,climb,C-012_R-003,"{""timestamp"": ""2026-05-02T11:24:00Z"", ""customerId"": ""C-012"", ""routeId"": ""R-003"", ""status"": ""△"", ""grade"": 3, ""height"": ""160"", ""experience"": ""3y"", ""gender"": ""M""}",seed@fixture,1
2026-05-02T11:32:00Z,CLIMB_LOGGED,climb,C-004_R-003,"{""timestamp"": ""2026-05-02T11:32:00Z"", ""customerId"": ""C-004"", ""routeId"": ""R-003"", ""status"": ""✓"", ""grade"": 3, ""height"": ""182"", ""experience"": ""0y"", ""gender"": ""M""}",seed@fixture,1
2026-05-02T11:40:00Z,CLIMB_LOGGED,climb,C-004_R-010,"{""timestamp"": ""2026-05-02T11:40:00Z"", ""customerId"": ""C-004"", ""routeId"": ""R-010"", ""status"": ""◎"", ""grade"": 3, ""height"": ""182"", ""experience"": ""0y"", ""gender"": ""M""}",seed@fixture,1
2026-05-02T11:48:00Z,CLIMB_LOGGED,climb,C-010_R-010,"{""timestamp"": ""2026-05-02T11:48:00Z"", ""customerId"": ""C-010"", ""routeId"": ""R-010"", ""status"": ""△"", ""grade"": 3, ""height"": ""176"", ""experience"": ""2y"", ""gender"": ""M""}",seed@fixture,1
2026-05-02T11:56:00Z,CLIMB_LOGGED,climb,C-013_R-007,"{""timestamp"": ""2026-05-02T11:56:00Z"", ""customerId"": ""C-013"", ""routeId"": ""R-007"", ""status"": ""✓"", ""grade"": 5, ""height"": ""177"", ""experience"": ""2y"", ""gender"": ""F""}",seed@fixture,1
2026-05-02T12:04:00Z,CLIMB_LOGGED,climb,C-007_R-002,"{""timestamp"": ""2026-05-02T12:04:00Z"", ""customerId"": ""C-007"", ""routeId"": ""R-002"", ""status"": ""△"", ""grade"": 6, ""height"": ""167"", ""experience"": ""5y"", ""gender"": ""F""}",seed@fixture,1
2026-05-02T12:12:00Z,CLIMB_LOGGED,climb,C-008_R-002,"{""timestamp"": ""2026-05-02T12:12:00Z"", ""customerId"": ""C-008"", ""routeId"": ""R-002"", ""status"": ""△"", ""grade"": 6, ""height"": ""169"", ""experience"": ""3y"", ""gender"": ""F""}",seed@fixture,1
2026-05-02T12:20:00Z,CLIMB_LOGGED,climb,C-010_R-010,"{""timestamp"": ""2026-05-02T12:20:00Z"", ""customerId"": ""C-010"", ""routeId"": ""R-010"", ""status"": ""✓"", ""grade"": 3, ""height"": ""176"", ""experience"": ""2y"", ""gender"": ""M""}",seed@fixture,1
2026-05-02T12:28:00Z,CLIMB_LOGGED,climb,C-019_R-001,"{""timestamp"": ""2026-05-02T12:28:00Z"", ""customerId"": ""C-019"", ""routeId"": ""R-001"", ""status"": ""◯"", ""grade"": 8, ""height"": ""173"", ""experience"": ""0y"", ""gender"": ""M""}",seed@fixture,1
2026-05-02T12:36:00Z,CLIMB_LOGGED,climb,C-014_R-006,"{""timestamp"": ""2026-05-02T12:36:00Z"", ""customerId"": ""C-014"", ""routeId"": ""R-006"", ""status"": ""◎"", ""grade"": 4, ""height"": ""157"", ""experience"": ""5y"", ""gender"": ""F""}",seed@fixture,1
2026-05-02T12:44:00Z,CLIMB_LOGGED,climb,C-011_R-001,"{""timestamp"": ""2026-05-02T12:44:00Z"", ""customerId"": ""C-011"", ""routeId"": ""R-001"", ""status"": ""✓"", ""grade"": 8, ""height"": ""168"", ""experience"": ""2y"", ""gender"": ""M""}",seed@fixture,1
2026-05-02T12:52:00Z,CLIMB_LOGGED,climb,C-016_R-002,"{""timestamp"": ""2026-05-02T12:52:00Z"", ""customerId"": ""C-016"", ""routeId"": ""R-002"", ""status"": ""◯"", ""grade"": 6, ""height"": ""173"", ""experience"": ""5y"", ""gender"": ""F""}",seed@fixture,1
2026-05-02T13:00:00Z,CLIMB_LOGGED,climb,C-012_R-008,"{""timestamp"": ""2026-05-02T13:00:00Z"", ""customerId"": ""C-012"", ""routeId"": ""R-008"", ""status"": ""✓"", ""grade"": 2, ""height"": ""160"", ""experience"": ""3y"", ""gender"": ""M""}",seed@fixture,1
2026-05-02T13:08:00Z,CLIMB_LOGGED,climb,C-014_R-003,"{""timestamp"": ""2026-05-02T13:08:00Z"", ""customerId"": ""C-014"", ""routeId"": ""R-003"", ""status"": ""✓"", ""grade"": 3, ""height"": ""157"", ""experience"": ""5y"", ""gender"": ""F""}",seed@fixture,1
2026-05-02T13:16:00Z,CLIMB_LOGGED,climb,C-009_R-010,"{""timestamp"": ""2026-05-02T13:16:00Z"", ""customerId"": ""C-009"", ""routeId"": ""R-010"", ""status"": ""✓"", ""grade"": 3, ""height"": ""155"", ""experience"": ""1y"", ""gender"": ""F""}",seed@fixture,1
2026-05-02T13:24:00Z,CLIMB_LOGGED,climb,C-018_R-008,"{""timestamp"": ""2026-05-02T13:24:00Z"", ""customerId"": ""C-018"", ""routeId"": ""R-008"", ""status"": ""△"", ""grade"": 2, ""height"": ""157"", ""experience"": ""5y"", ""gender"": ""M""}",seed@fixture,1
2026-05-02T13:32:00Z,CLIMB_LOGGED,climb,C-019_R-005,"{""timestamp"": ""2026-05-02T13:32:00Z"", ""customerId"": ""C-019"", ""routeId"": ""R-005"", ""status"": ""◯"", ""grade"": 6, ""height"": ""173"", ""experience"": ""0y"", ""gender"": ""M""}",seed@fixture,1
2026-05-02T13:40:00Z,CLIMB_LOGGED,climb,C-008_R-002,"{""timestamp"": ""2026-05-02T13:40:00Z"", ""customerId"": ""C-008"", ""routeId"": ""R-002"", ""status"": ""◯"", ""grade"": 6, ""height"": ""169"", ""experience"": ""3y"", ""gender"": ""F""}",seed@fixture,1
2026-05-02T13:48:00Z,CLIMB_LOGGED,climb,C-015_R-004,"{""timestamp"": ""2026-05-02T13:48:00Z"", ""customerId"": ""C-015"", ""routeId"": ""R-004"", ""status"": ""✓"", ""grade"": 6, ""height"": ""162"", ""experience"": ""3y"", ""gender"": ""M""}",seed@fixture,1
2026-05-02T13:56:00Z,CLIMB_LOGGED,climb,C-019_R-010,"{""timestamp"": ""2026-05-02T13:56:00Z"", ""customerId"": ""C-019"", ""routeId"": ""R-010"", ""status"": ""△"", ""grade"": 3, ""height"": ""173"", ""experience"": ""0y"", ""gender"": ""M""}",seed@fixture,1
2026-05-02T14:04:00Z,CLIMB_LOGGED,climb,C-011_R-001,"{""timestamp"": ""2026-05-02T14:04:00Z"", ""customerId"": ""C-011"", ""routeId"": ""R-001"", ""status"": ""△"", ""grade"": 8, ""height"": ""168"", ""experience"": ""2y"", ""gender"": ""M""}",seed@fixture,1
2026-05-02T14:12:00Z,CLIMB_LOGGED,climb,C-011_R-003,"{""timestamp"": ""2026-05-02T14:12:00Z"", ""customerId"": ""C-011"", ""routeId"": ""R-003"", ""status"": ""△"", ""grade"": 3, ""height"": ""168"", ""experience"": ""2y"", ""gender"": ""M""}",seed@fixture,1
2026-05-02T14:20:00Z,CLIMB_LOGGED,climb,C-012_R-005,"{""timestamp"": ""2026-05-02T14:20:00Z"", ""customerId"": ""C-012"", ""routeId"": ""R-005"", ""status"": ""◯"", ""grade"": 6, ""height"": ""160"", ""experience"": ""3y"", ""gender"": ""M""}",seed@fixture,1
2026-05-02T14:28:00Z,CLIMB_LOGGED,climb,C-020_R-005,"{""timestamp"": ""2026-05-02T14:28:00Z"", ""customerId"": ""C-020"", ""routeId"": ""R-005"", ""status"": ""△"", ""grade"": 6, ""height"": ""161"", ""experience"": ""3y"", ""gender"": ""F""}",seed@fixture,1
2026-05-02T14:36:00Z,CLIMB_LOGGED,climb,C-017_R-004,"{""timestamp"": ""2026-05-02T14:36:00Z"", ""customerId"": ""C-017"", ""routeId"": ""R-004"", ""status"": ""◎"", ""grade"": 6, ""height"": ""167"", ""experience"": ""5y"", ""gender"": ""M""}",seed@fixture,1
2026-05-02T14:44:00Z,CLIMB_LOGGED,climb,C-014_R-008,"{""timestamp"": ""2026-05-02T14:44:00Z"", ""customerId"": ""C-014"", ""routeId"": ""R-008"", ""status"": ""△"", ""grade"": 2, ""height"": ""157"", ""experience"": ""5y"", ""gender"": ""F""}",seed@fixture,1
2026-05-02T14:52:00Z,CLIMB_LOGGED,climb,C-008_R-008,"{""timestamp"": ""2026-05-02T14:52:00Z"", ""customerId"": ""C-008"", ""routeId"": ""R-008"", ""status"": ""△"", ""grade"": 2, ""height"": ""169"", ""experience"": ""3y"", ""gender"": ""F""}",seed@fixture,1
2026-05-02T15:00:00Z,CLIMB_LOGGED,climb,C-016_R-008,"{""timestamp"": ""2026-05-02T15:00:00Z"", ""customerId"": ""C-016"", ""routeId"": ""R-008"", ""status"": ""✓"", ""grade"": 2, ""height"": ""173"", ""experience"": ""5y"", ""gender"": ""F""}",seed@fixture,1
2026-05-02T15:08:00Z,CLIMB_LOGGED,climb,C-003_R-005,"{""timestamp"": ""2026-05-02T15:08:00Z"", ""customerId"": ""C-003"", ""routeId"": ""R-005"", ""status"": ""◯"", ""grade"": 6, ""height"": ""161"", ""experience"": ""5y"", ""gender"": ""M""}",seed@fixture,1
2026-05-02T15:16:00Z,CLIMB_LOGGED,climb,C-008_R-005,"{""timestamp"": ""2026-05-02T15:16:00Z"", ""customerId"": ""C-008"", ""routeId"": ""R-005"", ""status"": ""△"", ""grade"": 6, ""height"": ""169"", ""experience"": ""3y"", ""gender"": ""F""}",seed@fixture,1
2026-05-02T15:24:00Z,CLIMB_LOGGED,climb,C-012_R-008,"{""timestamp"": ""2026-05-02T15:24:00Z"", ""customerId"": ""C-012"", ""routeId"": ""R-008"", ""status"": ""△"", ""grade"": 2, ""height"": ""160"", ""experience"": ""3y"", ""gender"": ""M""}",seed@fixture,1
2026-05-02T15:32:00Z,CLIMB_LOGGED,climb,C-012_R-007,"{""timestamp"": ""2026-05-02T15:32:00Z"", ""customerId"": ""C-012"", ""routeId"": ""R-007"", ""status"": ""✓"", ""grade"": 5, ""height"": ""160"", ""experience"": ""3y"", ""gender"": ""M""}",seed@fixture,1
2026-05-02T15:40:00Z,CLIMB_LOGGED,climb,C-018_R-006,"{""timestamp"": ""2026-05-02T15:40:00Z"", ""customerId"": ""C-018"", ""routeId"": ""R-006"", ""status"": ""◯"", ""grade"": 4, ""height"": ""157"", ""experience"": ""5y"", ""gender"": ""M""}",seed@fixture,1
2026-05-02T15:48:00Z,CLIMB_LOGGED,climb,C-015_R-005,"{""timestamp"": ""2026-05-02T15:48:00Z"", ""customerId"": ""C-015"", ""routeId"": ""R-005"", ""status"": ""◯"", ""grade"": 6, ""height"": ""162"", ""experience"": ""3y"", ""gender"": ""M""}",seed@fixture,1
2026-05-02T15:56:00Z,CLIMB_LOGGED,climb,C-008_R-002,"{""timestamp"": ""2026-05-02T15:56:00Z"", ""customerId"": ""C-008"", ""routeId"": ""R-002"", ""status"": ""✓"", ""grade"": 6, ""height"": ""169"", ""experience"": ""3y"", ""gender"": ""F""}",seed@fixture,1
2026-05-02T16:04:00Z,CLIMB_LOGGED,climb,C-011_R-002,"{""timestamp"": ""2026-05-02T16:04:00Z"", ""customerId"": ""C-011"", ""routeId"": ""R-002"", ""status"": ""✓"", ""grade"": 6, ""height"": ""168"", ""experience"": ""2y"", ""gender"": ""M""}",seed@fixture,1
2026-05-02T16:12:00Z,CLIMB_LOGGED,climb,C-006_R-004,"{""timestamp"": ""2026-05-02T16:12:00Z"", ""customerId"": ""C-006"", ""routeId"": ""R-004"", ""status"": ""◯"", ""grade"": 6, ""height"": ""187"", ""experience"": ""4y"", ""gender"": ""M""}",seed@fixture,1
2026-05-01T13:00:00Z,TRAINING_LOGGED,training,C-016,"{""timestamp"": ""2026-05-01T13:00:00Z"", ""customerId"": ""C-016"", ""customerName"": ""Climber16"", ""metric"": ""LH"", ""value"": 44.9, ""unit"": ""kg"", ""notes"": ""fixture""}",seed@fixture,1
2026-05-01T13:15:00Z,TRAINING_LOGGED,training,C-017,"{""timestamp"": ""2026-05-01T13:15:00Z"", ""customerId"": ""C-017"", ""customerName"": ""Climber17"", ""metric"": ""HS"", ""value"": 20.6, ""unit"": ""sec"", ""notes"": ""fixture""}",seed@fixture,1
2026-05-01T13:30:00Z,TRAINING_LOGGED,training,C-004,"{""timestamp"": ""2026-05-01T13:30:00Z"", ""customerId"": ""C-004"", ""customerName"": ""Climber04"", ""metric"": ""CP"", ""value"": 21.3, ""unit"": ""sec"", ""notes"": ""fixture""}",seed@fixture,1
2026-05-01T13:45:00Z,TRAINING_LOGGED,training,C-012,"{""timestamp"": ""2026-05-01T13:45:00Z"", ""customerId"": ""C-012"", ""customerName"": ""Climber12"", ""metric"": ""CP"", ""value"": 21.6, ""unit"": ""sec"", ""notes"": ""fixture""}",seed@fixture,1
2026-05-01T14:00:00Z,TRAINING_LOGGED,training,C-018,"{""timestamp"": ""2026-05-01T14:00:00Z"", ""customerId"": ""C-018"", ""customerName"": ""Climber18"", ""metric"": ""CP"", ""value"": 20.1, ""unit"": ""sec"", ""notes"": ""fixture""}",seed@fixture,1
2026-05-01T14:15:00Z,TRAINING_LOGGED,training,C-002,"{""timestamp"": ""2026-05-01T14:15:00Z"", ""customerId"": ""C-002"", ""customerName"": ""Climber02"", ""metric"": ""HS"", ""value"": 21.1, ""unit"": ""sec"", ""notes"": ""fixture""}",seed@fixture,1
2026-05-01T14:30:00Z,TRAINING_LOGGED,training,C-005,"{""timestamp"": ""2026-05-01T14:30:00Z"", ""customerId"": ""C-005"", ""customerName"": ""Climber05"", ""metric"": ""RH"", ""value"": 10.6, ""unit"": ""kg"", ""notes"": ""fixture""}",seed@fixture,1
2026-05-01T14:45:00Z,TRAINING_LOGGED,training,C-001,"{""timestamp"": ""2026-05-01T14:45:00Z"", ""customerId"": ""C-001"", ""customerName"": ""Climber01"", ""metric"": ""HS"", ""value"": 20.6, ""unit"": ""sec"", ""notes"": ""fixture""}",seed@fixture,1
2026-05-01T15:00:00Z,TRAINING_LOGGED,training,C-016,"{""timestamp"": ""2026-05-01T15:00:00Z"", ""customerId"": ""C-016"", ""customerName"": ""Climber16"", ""metric"": ""RH"", ""value"": 23.7, ""unit"": ""kg"", ""notes"": ""fixture""}",seed@fixture,1
2026-05-01T15:15:00Z,TRAINING_LOGGED,training,C-002,"{""timestamp"": ""2026-05-01T15:15:00Z"", ""customerId"": ""C-002"", ""customerName"": ""Climber02"", ""metric"": ""LH"", ""value"": 56.8, ""unit"": ""kg"", ""notes"": ""fixture""}",seed@fixture,1
2026-05-01T15:30:00Z,TRAINING_LOGGED,training,C-016,"{""timestamp"": ""2026-05-01T15:30:00Z"", ""customerId"": ""C-016"", ""customerName"": ""Climber16"", ""metric"": ""VR"", ""value"": 50.2, ""unit"": ""reps"", ""notes"": ""fixture""}",seed@fixture,1
2026-05-01T15:45:00Z,TRAINING_LOGGED,training,C-013,"{""timestamp"": ""2026-05-01T15:45:00Z"", ""customerId"": ""C-013"", ""customerName"": ""Climber13"", ""metric"": ""RH"", ""value"": 9.1, ""unit"": ""kg"", ""notes"": ""fixture""}",seed@fixture,1
2026-05-01T16:00:00Z,TRAINING_LOGGED,training,C-002,"{""timestamp"": ""2026-05-01T16:00:00Z"", ""customerId"": ""C-002"", ""customerName"": ""Climber02"", ""metric"": ""CP"", ""value"": 13.2, ""unit"": ""sec"", ""notes"": ""fixture""}",seed@fixture,1
2026-05-01T16:15:00Z,TRAINING_LOGGED,training,C-019,"{""timestamp"": ""2026-05-01T16:15:00Z"", ""customerId"": ""C-019"", ""customerName"": ""Climber19"", ""metric"": ""LH"", ""value"": 9.7, ""unit"": ""kg"", ""notes"": ""fixture""}",seed@fixture,1
2026-05-01T16:30:00Z,TRAINING_LOGGED,training,C-008,"{""timestamp"": ""2026-05-01T16:30:00Z"", ""customerId"": ""C-008"", ""customerName"": ""Climber08"", ""metric"": ""VR"", ""value"": 35.7, ""unit"": ""reps"", ""notes"": ""fixture""}",seed@fixture,1
2026-05-01T16:45:00Z,TRAINING_LOGGED,training,C-014,"{""timestamp"": ""2026-05-01T16:45:00Z"", ""customerId"": ""C-014"", ""customerName"": ""Climber14"", ""metric"": ""HS"", ""value"": 37.8, ""unit"": ""sec"", ""notes"": ""fixture""}",seed@fixture,1
2026-05-01T17:00:00Z,TRAINING_LOGGED,training,C-020,"{""timestamp"": ""2026-05-01T17:00:00Z"", ""customerId"": ""C-020"", ""customerName"": ""Climber20"", ""metric"": ""CP"", ""value"": 47.7, ""unit"": ""sec"", ""notes"": ""fixture""}",seed@fixture,1
2026-05-01T17:15:00Z,TRAINING_LOGGED,training,C-013,"{""timestamp"": ""2026-05-01T17:15:00Z"", ""customerId"": ""C-013"", ""customerName"": ""Climber13"", ""metric"": ""RH"", ""value"": 55.0, ""unit"": ""kg"", ""notes"": ""fixture""}",seed@fixture,1
2026-05-01T17:30:00Z,TRAINING_LOGGED,training,C-010,"{""timestamp"": ""2026-05-01T17:30:00Z"", ""customerId"": ""C-010"", ""customerName"": ""Climber10"", ""metric"": ""HS"", ""value"": 59.5, ""unit"": ""sec"", ""notes"": ""fixture""}",seed@fixture,1
2026-05-01T17:45:00Z,TRAINING_LOGGED,training,C-010,"{""timestamp"": ""2026-05-01T17:45:00Z"", ""customerId"": ""C-010"", ""customerName"": ""Climber10"", ""metric"": ""HS"", ""value"": 39.2, ""unit"": ""sec"", ""notes"": ""fixture""}",seed@fixture,1
2026-05-01T18:00:00Z,TRAINING_LOGGED,training,C-020,"{""timestamp"": ""2026-05-01T18:00:00Z"", ""customerId"": ""C-020"", ""customerName"": ""Climber20"", ""metric"": ""VR"", ""value"": 57.1, ""unit"": ""reps"", ""notes"": ""fixture""}",seed@fixture,1
2026-05-01T18:15:00Z,TRAINING_LOGGED,training,C-007,"{""timestamp"": ""2026-05-01T18:15:00Z"", ""customerId"": ""C-007"", ""customerName"": ""Climber07"", ""metric"": ""CP"", ""value"": 19.6, ""unit"": ""sec"", ""notes"": ""fixture""}",seed@fixture,1
2026-05-01T18:30:00Z,TRAINING_LOGGED,training,C-003,"{""timestamp"": ""2026-05-01T18:30:00Z"", ""customerId"": ""C-003"", ""customerName"": ""Climber03"", ""metric"": ""CP"", ""value"": 18.2, ""unit"": ""sec"", ""notes"": ""fixture""}",seed@fixture,1
2026-05-01T18:45:00Z,TRAINING_LOGGED,training,C-018,"{""timestamp"": ""2026-05-01T18:45:00Z"", ""customerId"": ""C-018"", ""customerName"": ""Climber18"", ""metric"": ""VR"", ""value"": 13.6, ""unit"": ""reps"", ""notes"": ""fixture""}",seed@fixture,1
2026-05-01T19:00:00Z,TRAINING_LOGGED,training,C-014,"{""timestamp"": ""2026-05-01T19:00:00Z"", ""customerId"": ""C-014"", ""customerName"": ""Climber14"", ""metric"": ""RH"", ""value"": 42.9, ""unit"": ""kg"", ""notes"": ""fixture""}",seed@fixture,1
2026-05-01T19:15:00Z,TRAINING_LOGGED,training,C-016,"{""timestamp"": ""2026-05-01T19:15:00Z"", ""customerId"": ""C-016"", ""customerName"": ""Climber16"", ""metric"": ""LH"", ""value"": 6.8, ""unit"": ""kg"", ""notes"": ""fixture""}",seed@fixture,1
2026-05-01T19:30:00Z,TRAINING_LOGGED,training,C-010,"{""timestamp"": ""2026-05-01T19:30:00Z"", ""customerId"": ""C-010"", ""customerName"": ""Climber10"", ""metric"": ""LH"", ""value"": 43.7, ""unit"": ""kg"", ""notes"": ""fixture""}",seed@fixture,1
2026-05-01T19:45:00Z,TRAINING_LOGGED,training,C-015,"{""timestamp"": ""2026-05-01T19:45:00Z"", ""customerId"": ""C-015"", ""customerName"": ""Climber15"", ""metric"": ""VR"", ""value"": 42.8, ""unit"": ""reps"", ""notes"": ""fixture""}",seed@fixture,1
2026-05-01T20:00:00Z,TRAINING_LOGGED,training,C-009,"{""timestamp"": ""2026-05-01T20:00:00Z"", ""customerId"": ""C-009"", ""customerName"": ""Climber09"", ""metric"": ""HS"", ""value"": 41.4, ""unit"": ""sec"", ""notes"": ""fixture""}",seed@fixture,1
2026-05-01T20:15:00Z,TRAINING_LOGGED,training,C-007,"{""timestamp"": ""2026-05-01T20:15:00Z"", ""customerId"": ""C-007"", ""customerName"": ""Climber07"", ""metric"": ""RH"", ""value"": 11.3, ""unit"": ""kg"", ""notes"": ""fixture""}",seed@fixture,1
2026-05-01T20:30:00Z,TRAINING_LOGGED,training,C-008,"{""timestamp"": ""2026-05-01T20:30:00Z"", ""customerId"": ""C-008"", ""customerName"": ""Climber08"", ""metric"": ""CP"", ""value"": 55.0, ""unit"": ""sec"", ""notes"": ""fixture""}",seed@fixture,1
2026-05-01T20:45:00Z,TRAINING_LOGGED,training,C-005,"{""timestamp"": ""2026-05-01T20:45:00Z"", ""customerId"": ""C-005"", ""customerName"": ""Climber05"", ""metric"": ""VR"", ""value"": 8.3, ""unit"": ""reps"", ""notes"": ""fixture""}",seed@fixture,1
2026-05-01T21:00:00Z,TRAINING_LOGGED,training,C-010,"{""timestamp"": ""2026-05-01T21:00:00Z"", ""customerId"": ""C-010"", ""customerName"": ""Climber10"", ""metric"": ""HS"", ""value"": 46.2, ""unit"": ""sec"", ""notes"": ""fixture""}",seed@fixture,1
2026-05-01T21:15:00Z,TRAINING_LOGGED,training,C-019,"{""timestamp"": ""2026-05-01T21:15:00Z"", ""customerId"": ""C-019"", ""customerName"": ""Climber19"", ""metric"": ""LH"", ""value"": 29.2, ""unit"": ""kg"", ""notes"": ""fixture""}",seed@fixture,1
2026-05-01T21:30:00Z,TRAINING_LOGGED,training,C-015,"{""timestamp"": ""2026-05-01T21:30:00Z"", ""customerId"": ""C-015"", ""customerName"": ""Climber15"", ""metric"": ""LH"", ""value"": 43.5, ""unit"": ""kg"", ""notes"": ""fixture""}",seed@fixture,1
2026-05-01T21:45:00Z,TRAINING_LOGGED,training,C-009,"{""timestamp"": ""2026-05-01T21:45:00Z"", ""customerId"": ""C-009"", ""customerName"": ""Climber09"", ""metric"": ""HS"", ""value"": 34.7, ""unit"": ""sec"", ""notes"": ""fixture""}",seed@fixture,1
2026-05-01T22:00:00Z,TRAINING_LOGGED,training,C-015,"{""timestamp"": ""2026-05-01T22:00:00Z"", ""customerId"": ""C-015"", ""customerName"": ""Climber15"", ""metric"": ""VR"", ""value"": 37.9, ""unit"": ""reps"", ""notes"": ""fixture""}",seed@fixture,1
2026-05-01T22:15:00Z,TRAINING_LOGGED,training,C-014,"{""timestamp"": ""2026-05-01T22:15:00Z"", ""customerId"": ""C-014"", ""customerName"": ""Climber14"", ""metric"": ""LH"", ""value"": 38.2, ""unit"": ""kg"", ""notes"": ""fixture""}",seed@fixture,1
2026-05-01T22:30:00Z,TRAINING_LOGGED,training,C-001,"{""timestamp"": ""2026-05-01T22:30:00Z"", ""customerId"": ""C-001"", ""customerName"": ""Climber01"", ""metric"": ""VR"", ""value"": 17.6, ""unit"": ""reps"", ""notes"": ""fixture""}",seed@fixture,1
2026-05-01T22:45:00Z,TRAINING_LOGGED,training,C-019,"{""timestamp"": ""2026-05-01T22:45:00Z"", ""customerId"": ""C-019"", ""customerName"": ""Climber19"", ""metric"": ""HS"", ""value"": 57.3, ""unit"": ""sec"", ""notes"": ""fixture""}",seed@fixture,1
2026-05-01T23:00:00Z,TRAINING_LOGGED,training,C-009,"{""timestamp"": ""2026-05-01T23:00:00Z"", ""customerId"": ""C-009"", ""customerName"": ""Climber09"", ""metric"": ""HS"", ""value"": 7.2, ""unit"": ""sec"", ""notes"": ""fixture""}",seed@fixture,1
2026-05-01T23:15:00Z,TRAINING_LOGGED,training,C-006,"{""timestamp"": ""2026-05-01T23:15:00Z"", ""customerId"": ""C-006"", ""customerName"": ""Climber06"", ""metric"": ""RH"", ""value"": 33.5, ""unit"": ""kg"", ""notes"": ""fixture""}",seed@fixture,1
2026-05-01T23:30:00Z,TRAINING_LOGGED,training,C-015,"{""timestamp"": ""2026-05-01T23:30:00Z"", ""customerId"": ""C-015"", ""customerName"": ""Climber15"", ""metric"": ""LH"", ""value"": 15.0, ""unit"": ""kg"", ""notes"": ""fixture""}",seed@fixture,1
2026-05-01T23:45:00Z,TRAINING_LOGGED,training,C-019,"{""timestamp"": ""2026-05-01T23:45:00Z"", ""customerId"": ""C-019"", ""customerName"": ""Climber19"", ""metric"": ""RH"", ""value"": 39.9, ""unit"": ""kg"", ""notes"": ""fixture""}",seed@fixture,1
2026-05-02T00:00:00Z,TRAINING_LOGGED,training,C-016,"{""timestamp"": ""2026-05-02T00:00:00Z"", ""customerId"": ""C-016"", ""customerName"": ""Climber16"", ""metric"": ""VR"", ""value"": 30.9, ""unit"": ""reps"", ""notes"": ""fixture""}",seed@fixture,1
2026-05-02T00:15:00Z,TRAINING_LOGGED,training,C-014,"{""timestamp"": ""2026-05-02T00:15:00Z"", ""customerId"": ""C-014"", ""customerName"": ""Climber14"", ""metric"": ""LH"", ""value"": 22.7, ""unit"": ""kg"", ""notes"": ""fixture""}",seed@fixture,1
2026-05-02T00:30:00Z,TRAINING_LOGGED,training,C-004,"{""timestamp"": ""2026-05-02T00:30:00Z"", ""customerId"": ""C-004"", ""customerName"": ""Climber04"", ""metric"": ""CP"", ""value"": 23.1, ""unit"": ""sec"", ""notes"": ""fixture""}",seed@fixture,1
2026-05-02T00:45:00Z,TRAINING_LOGGED,training,C-016,"{""timestamp"": ""2026-05-02T00:45:00Z"", ""customerId"": ""C-016"", ""customerName"": ""Climber16"", ""metric"": ""LH"", ""value"": 41.4, ""unit"": ""kg"", ""notes"": ""fixture""}",seed@fixture,1
2026-05-02T01:00:00Z,TRAINING_LOGGED,training,C-013,"{""timestamp"": ""2026-05-02T01:00:00Z"", ""customerId"": ""C-013"", ""customerName"": ""Climber13"", ""metric"": ""HS"", ""value"": 7.0, ""unit"": ""sec"", ""notes"": ""fixture""}",seed@fixture,1
2026-05-02T01:15:00Z,TRAINING_LOGGED,training,C-003,"{""timestamp"": ""2026-05-02T01:15:00Z"", ""customerId"": ""C-003"", ""customerName"": ""Climber03"", ""metric"": ""LH"", ""value"": 18.9, ""unit"": ""kg"", ""notes"": ""fixture""}",seed@fixture,1
2026-05-02T01:30:00Z,TRAINING_LOGGED,training,C-004,"{""timestamp"": ""2026-05-02T01:30:00Z"", ""customerId"": ""C-004"", ""customerName"": ""Climber04"", ""metric"": ""RH"", ""value"": 52.6, ""unit"": ""kg"", ""notes"": ""fixture""}",seed@fixture,1
2026-05-02T01:45:00Z,TRAINING_LOGGED,training,C-001,"{""timestamp"": ""2026-05-02T01:45:00Z"", ""customerId"": ""C-001"", ""customerName"": ""Climber01"", ""metric"": ""HS"", ""value"": 30.4, ""unit"": ""sec"", ""notes"": ""fixture""}",seed@fixture,1
2026-05-02T02:00:00Z,TRAINING_LOGGED,training,C-002,"{""timestamp"": ""2026-05-02T02:00:00Z"", ""customerId"": ""C-002"", ""customerName"": ""Climber02"", ""metric"": ""CP"", ""value"": 33.5, ""unit"": ""sec"", ""notes"": ""fixture""}",seed@fixture,1
2026-05-02T02:15:00Z,TRAINING_LOGGED,training,C-020,"{""timestamp"": ""2026-05-02T02:15:00Z"", ""customerId"": ""C-020"", ""customerName"": ""Climber20"", ""metric"": ""RH"", ""value"": 39.4, ""unit"": ""kg"", ""notes"": ""fixture""}",seed@fixture,1
2026-05-02T02:30:00Z,TRAINING_LOGGED,training,C-002,"{""timestamp"": ""2026-05-02T02:30:00Z"", ""customerId"": ""C-002"", ""customerName"": ""Climber02"", ""metric"": ""CP"", ""value"": 19.7, ""unit"": ""sec"", ""notes"": ""fixture""}",seed@fixture,1
2026-05-02T02:45:00Z,TRAINING_LOGGED,training,C-005,"{""timestamp"": ""2026-05-02T02:45:00Z"", ""customerId"": ""C-005"", ""customerName"": ""Climber05"", ""metric"": ""LH"", ""value"": 29.1, ""unit"": ""kg"", ""notes"": ""fixture""}",seed@fixture,1
2026-05-02T03:00:00Z,TRAINING_LOGGED,training,C-016,"{""timestamp"": ""2026-05-02T03:00:00Z"", ""customerId"": ""C-016"", ""customerName"": ""Climber16"", ""metric"": ""VR"", ""value"": 6.6, ""unit"": ""reps"", ""notes"": ""fixture""}",seed@fixture,1
2026-05-02T03:15:00Z,TRAINING_LOGGED,training,C-020,"{""timestamp"": ""2026-05-02T03:15:00Z"", ""customerId"": ""C-020"", ""customerName"": ""Climber20"", ""metric"": ""CP"", ""value"": 44.0, ""unit"": ""sec"", ""notes"": ""fixture""}",seed@fixture,1
2026-05-02T03:30:00Z,TRAINING_LOGGED,training,C-010,"{""timestamp"": ""2026-05-02T03:30:00Z"", ""customerId"": ""C-010"", ""customerName"": ""Climber10"", ""metric"": ""HS"", ""value"": 5.8, ""unit"": ""sec"", ""notes"": ""fixture""}",seed@fixture,1
2026-05-02T03:45:00Z,TRAINING_LOGGED,training,C-014,"{""timestamp"": ""2026-05-02T03:45:00Z"", ""customerId"": ""C-014"", ""customerName"": ""Climber14"", ""metric"": ""VR"", ""value"": 17.4, ""unit"": ""reps"", ""notes"": ""fixture""}",seed@fixture,1
2026-05-02T04:00:00Z,TRAINING_LOGGED,training,C-004,"{""timestamp"": ""2026-05-02T04:00:00Z"", ""customerId"": ""C-004"", ""customerName"": ""Climber04"", ""metric"": ""RH"", ""value"": 57.1, ""unit"": ""kg"", ""notes"": ""fixture""}",seed@fixture,1
2026-05-02T04:15:00Z,TRAINING_LOGGED,training,C-005,"{""timestamp"": ""2026-05-02T04:15:00Z"", ""customerId"": ""C-005"", ""customerName"": ""Climber05"", ""metric"": ""RH"", ""value"": 56.3, ""unit"": ""kg"", ""notes"": ""fixture""}",seed@fixture,1
2026-05-02T04:30:00Z,TRAINING_LOGGED,training,C-010,"{""timestamp"": ""2026-05-02T04:30:00Z"", ""customerId"": ""C-010"", ""customerName"": ""Climber10"", ""metric"": ""HS"", ""value"": 43.8, ""unit"": ""sec"", ""notes"": ""fixture""}",seed@fixture,1
2026-05-02T04:45:00Z,TRAINING_LOGGED,training,C-014,"{""timestamp"": ""2026-05-02T04:45:00Z"", ""customerId"": ""C-014"", ""customerName"": ""Climber14"", ""metric"": ""RH"", ""value"": 58.9, ""unit"": ""kg"", ""notes"": ""fixture""}",seed@fixture,1
2026-05-02T05:00:00Z,TRAINING_LOGGED,training,C-008,"{""timestamp"": ""2026-05-02T05:00:00Z"", ""customerId"": ""C-008"", ""customerName"": ""Climber08"", ""metric"": ""RH"", ""value"": 35.3, ""unit"": ""kg"", ""notes"": ""fixture""}",seed@fixture,1
2026-05-02T05:15:00Z,TRAINING_LOGGED,training,C-013,"{""timestamp"": ""2026-05-02T05:15:00Z"", ""customerId"": ""C-013"", ""customerName"": ""Climber13"", ""metric"": ""CP"", ""value"": 55.7, ""unit"": ""sec"", ""notes"": ""fixture""}",seed@fixture,1
2026-05-02T05:30:00Z,TRAINING_LOGGED,training,C-017,"{""timestamp"": ""2026-05-02T05:30:00Z"", ""customerId"": ""C-017"", ""customerName"": ""Climber17"", ""metric"": ""CP"", ""value"": 52.5, ""unit"": ""sec"", ""notes"": ""fixture""}",seed@fixture,1
2026-05-02T05:45:00Z,TRAINING_LOGGED,training,C-009,"{""timestamp"": ""2026-05-02T05:45:00Z"", ""customerId"": ""C-009"", ""customerName"": ""Climber09"", ""metric"": ""RH"", ""value"": 23.7, ""unit"": ""kg"", ""notes"": ""fixture""}",seed@fixture,1
2026-05-02T06:00:00Z,TRAINING_LOGGED,training,C-017,"{""timestamp"": ""2026-05-02T06:00:00Z"", ""customerId"": ""C-017"", ""customerName"": ""Climber17"", ""metric"": ""LH"", ""value"": 50.1, ""unit"": ""kg"", ""notes"": ""fixture""}",seed@fixture,1
2026-05-02T06:15:00Z,TRAINING_LOGGED,training,C-010,"{""timestamp"": ""2026-05-02T06:15:00Z"", ""customerId"": ""C-010"", ""customerName"": ""Climber10"", ""metric"": ""LH"", ""value"": 51.1, ""unit"": ""kg"", ""notes"": ""fixture""}",seed@fixture,1
2026-05-02T06:30:00Z,TRAINING_LOGGED,training,C-019,"{""timestamp"": ""2026-05-02T06:30:00Z"", ""customerId"": ""C-019"", ""customerName"": ""Climber19"", ""metric"": ""RH"", ""value"": 52.6, ""unit"": ""kg"", ""notes"": ""fixture""}",seed@fixture,1
2026-05-02T06:45:00Z,TRAINING_LOGGED,training,C-015,"{""timestamp"": ""2026-05-02T06:45:00Z"", ""customerId"": ""C-015"", ""customerName"": ""Climber15"", ""metric"": ""HS"", ""value"": 31.6, ""unit"": ""sec"", ""notes"": ""fixture""}",seed@fixture,1
2026-05-02T07:00:00Z,TRAINING_LOGGED,training,C-011,"{""timestamp"": ""2026-05-02T07:00:00Z"", ""customerId"": ""C-011"", ""customerName"": ""Climber11"", ""metric"": ""HS"", ""value"": 47.0, ""unit"": ""sec"", ""notes"": ""fixture""}",seed@fixture,1
2026-05-02T07:15:00Z,TRAINING_LOGGED,training,C-013,"{""timestamp"": ""2026-05-02T07:15:00Z"", ""customerId"": ""C-013"", ""customerName"": ""Climber13"", ""metric"": ""RH"", ""value"": 56.3, ""unit"": ""kg"", ""notes"": ""fixture""}",seed@fixture,1
2026-05-02T07:30:00Z,TRAINING_LOGGED,training,C-007,"{""timestamp"": ""2026-05-02T07:30:00Z"", ""customerId"": ""C-007"", ""customerName"": ""Climber07"", ""metric"": ""CP"", ""value"": 36.4, ""unit"": ""sec"", ""notes"": ""fixture""}",seed@fixture,1
2026-05-02T07:45:00Z,TRAINING_LOGGED,training,C-008,"{""timestamp"": ""2026-05-02T07:45:00Z"", ""customerId"": ""C-008"", ""customerName"": ""Climber08"", ""metric"": ""RH"", ""value"": 7.4, ""unit"": ""kg"", ""notes"": ""fixture""}",seed@fixture,1
2026-05-02T08:00:00Z,TRAINING_LOGGED,training,C-016,"{""timestamp"": ""2026-05-02T08:00:00Z"", ""customerId"": ""C-016"", ""customerName"": ""Climber16"", ""metric"": ""RH"", ""value"": 26.2, ""unit"": ""kg"", ""notes"": ""fixture""}",seed@fixture,1
2026-05-02T08:15:00Z,TRAINING_LOGGED,training,C-005,"{""timestamp"": ""2026-05-02T08:15:00Z"", ""customerId"": ""C-005"", ""customerName"": ""Climber05"", ""metric"": ""RH"", ""value"": 58.1, ""unit"": ""kg"", ""notes"": ""fixture""}",seed@fixture,1
2026-05-02T08:30:00Z,TRAINING_LOGGED,training,C-005,"{""timestamp"": ""2026-05-02T08:30:00Z"", ""customerId"": ""C-005"", ""customerName"": ""Climber05"", ""metric"": ""HS"", ""value"": 58.1, ""unit"": ""sec"", ""notes"": ""fixture""}",seed@fixture,1
2026-05-02T08:45:00Z,TRAINING_LOGGED,training,C-011,"{""timestamp"": ""2026-05-02T08:45:00Z"", ""customerId"": ""C-011"", ""customerName"": ""Climber11"", ""metric"": ""VR"", ""value"": 53.1, ""unit"": ""reps"", ""notes"": ""fixture""}",seed@fixture,1
